[
    {
        "amount": 340,
        "to": "Joanie Cramer",
        "from": "Altha Redden",
        "tid": "dbf89977-c6e2-4daa-a142-b0cc7fc182b8"
    },
    {
        "amount": 228,
        "to": "Margeret Scully",
        "from": "Bettye Wooten",
        "tid": "5686ade5-8363-4e58-a59d-63aead3f215c"
    },
    {
        "amount": 229,
        "to": "Allen Delagarza",
        "from": "Shanta Shafer",
        "tid": "7c67a1d6-9837-4d37-8197-e2acb9368fc8"
    },
    {
        "amount": 367,
        "to": "Elise Carnes",
        "from": "Francie Duggan",
        "tid": "3a03e910-abe6-40c3-a4a6-e4631386cf30"
    },
    {
        "amount": 113,
        "to": "Tisa Greiner",
        "from": "Mollie Halverson",
        "tid": "11e19541-3758-4700-ac33-40e362d49223"
    },
    {
        "amount": 430,
        "to": "Jason Mccallister",
        "from": "Felecia Mckeown",
        "tid": "0c328f43-92a3-42e7-9733-46757716d7c3"
    },
    {
        "amount": 269,
        "to": "Shanti Hanley",
        "from": "Domenica Gable",
        "tid": "b0cc826b-ef00-40fc-9172-3899dbd015d1"
    },
    {
        "amount": 182,
        "to": "Shanti Hanley",
        "from": "Floretta Lawless",
        "tid": "0336a322-6f9c-4f41-bfab-8b5eb452bd58"
    },
    {
        "amount": 150,
        "to": "Candis Lemus",
        "from": "JC Casas",
        "tid": "f70d7ba6-c495-4f0e-af5a-6d6e19c21fec"
    },
    {
        "amount": 205,
        "to": "Ngan Bratcher",
        "from": "Farah Bateman",
        "tid": "8c0c0885-a13a-48b4-ad75-bf68bac3dd2a"
    },
    {
        "amount": 115,
        "to": "Caprice Burnett",
        "from": "Torie Martino",
        "tid": "d23ce0fb-e917-46a8-a13c-b604e13fe629"
    },
    {
        "amount": 133,
        "to": "Janene Fong",
        "from": "Alvera Barrera",
        "tid": "bc470dc1-3ea9-4a63-ac81-f889cbd4ede8"
    },
    {
        "amount": 386,
        "to": "Dorsey Gore",
        "from": "Virgen Herman",
        "tid": "c5d5f978-7ed3-4ce9-8540-d4b591cea702"
    },
    {
        "amount": 377,
        "to": "Allen Delagarza",
        "from": "Floretta Lawless",
        "tid": "4a2f6ea0-b892-47f9-bb7d-1b74429c24a5"
    },
    {
        "amount": 224,
        "to": "Domenica Gable",
        "from": "Lucie Yazzie",
        "tid": "01a66646-5f3b-4a10-a231-89c56965510b"
    },
    {
        "amount": 23,
        "to": "Nannie Swisher",
        "from": "Shanta Shafer",
        "tid": "e5b3ff48-4e31-408e-ad84-e9b77c594723"
    },
    {
        "amount": 167,
        "to": "Margeret Scully",
        "from": "Ofelia Hamel",
        "tid": "c69c417f-97a2-4378-a212-a26fde8b4ef2"
    },
    {
        "amount": 407,
        "to": "Alysha Place",
        "from": "Luann Elston",
        "tid": "8231067e-4fb2-4f07-9d25-5c86ded60295"
    },
    {
        "amount": 374,
        "to": "Heike Champagne",
        "from": "Joanie Cramer",
        "tid": "6c0a5385-c221-45e8-bbab-f2075ffe071a"
    },
    {
        "amount": 355,
        "to": "Hayden Weatherford",
        "from": "Maurice Comer",
        "tid": "7b1d032b-0cc8-44ba-a9bc-154903d3c186"
    },
    {
        "amount": 175,
        "to": "Dona Link",
        "from": "August Jewell",
        "tid": "46f6432e-db97-4843-b467-422357aa2d13"
    },
    {
        "amount": 270,
        "to": "Gregory Nava",
        "from": "Colette Pickering",
        "tid": "13f781c4-0c66-4f92-998c-c5f1857f4910"
    },
    {
        "amount": 302,
        "to": "August Jewell",
        "from": "Margurite Thorn",
        "tid": "497090cd-7e43-4dee-b3ae-ad3dcf1dee46"
    },
    {
        "amount": 133,
        "to": "Altha Redden",
        "from": "Ellyn Furr",
        "tid": "c06601fe-889b-4838-b5b8-319190bb2130"
    },
    {
        "amount": 206,
        "to": "Maurice Comer",
        "from": "Edris Corbitt",
        "tid": "e3e51c3b-859f-4e0f-8f00-0ffd7690186a"
    },
    {
        "amount": 340,
        "to": "Lucie Yazzie",
        "from": "Caprice Burnett",
        "tid": "feee1d03-6b20-4727-a69d-4ac78b431f6c"
    },
    {
        "amount": 262,
        "to": "Ellyn Furr",
        "from": "Virgen Herman",
        "tid": "5ae5935e-e665-450b-98c8-1c715e1daefd"
    },
    {
        "amount": 286,
        "to": "Dorsey Gore",
        "from": "Allen Delagarza",
        "tid": "2477fd27-bff0-4ffb-be3f-617c0d300544"
    },
    {
        "amount": 391,
        "to": "Carline Epstein",
        "from": "Shaunte Foy",
        "tid": "fa787270-d7d5-4b85-9ff2-5d2a915a058b"
    },
    {
        "amount": 112,
        "to": "Sharice Bledsoe",
        "from": "Alvera Barrera",
        "tid": "8a53080a-75a3-4a2c-a8c1-773a4569e5d2"
    },
    {
        "amount": 256,
        "to": "Donald Sanford",
        "from": "Kendrick Mcfarland",
        "tid": "4b0cc986-ae60-4bd9-98c7-e2b1dc058a87"
    },
    {
        "amount": 146,
        "to": "Deon Lima",
        "from": "Ileana Broughton",
        "tid": "4cc73ac4-b026-4b6c-8b7d-4936005cfd47"
    },
    {
        "amount": 276,
        "to": "Ignacia Baugh",
        "from": "Santos Maples",
        "tid": "a7ca1427-f5b3-406c-a755-7b3f35f77de9"
    },
    {
        "amount": 268,
        "to": "Daria Hawk",
        "from": "Edris Corbitt",
        "tid": "b5081f75-2b4d-426c-952b-0f93f05a74e4"
    },
    {
        "amount": 498,
        "to": "Shanta Shafer",
        "from": "Jennefer Eggleston",
        "tid": "acc9e274-321b-454d-aee0-14967ae4a75d"
    },
    {
        "amount": 404,
        "to": "Valarie Hoy",
        "from": "Ellyn Furr",
        "tid": "7cc654fd-51ce-4541-89fa-898e54b4bffb"
    },
    {
        "amount": 136,
        "to": "Candis Lemus",
        "from": "Allen Delagarza",
        "tid": "fd52df88-6f4c-4bf8-aa9a-49c8dae804e3"
    },
    {
        "amount": 391,
        "to": "Nannie Swisher",
        "from": "Ozella Burkett",
        "tid": "7fbb1c43-9fec-4116-8da3-41b3e8d3170c"
    },
    {
        "amount": 453,
        "to": "Khalilah Stout",
        "from": "Mollie Halverson",
        "tid": "5ea105c3-ea36-48fb-af55-b4a86f3a761f"
    },
    {
        "amount": 146,
        "to": "Joanie Cramer",
        "from": "Alysha Place",
        "tid": "0f3089eb-b59d-49ff-a69d-8a0ed2533b37"
    },
    {
        "amount": 421,
        "to": "Elise Carnes",
        "from": "Matilda Albright",
        "tid": "cf1a3c14-799f-45d1-8665-5e561338155b"
    },
    {
        "amount": 111,
        "to": "Dorsey Gore",
        "from": "Asha Walling",
        "tid": "30a2bf3a-a2bb-4f61-a8b8-b8b22551edd1"
    },
    {
        "amount": 502,
        "to": "Dia Monson",
        "from": "Teodoro Gold",
        "tid": "a07737b8-356b-435a-b466-b4849a044a67"
    },
    {
        "amount": 504,
        "to": "Ericka Beverly",
        "from": "Teddy Cheng",
        "tid": "ced197b5-d8a8-4e41-992b-58a2d282656d"
    },
    {
        "amount": 283,
        "to": "Charise Bradford",
        "from": "Cherie Mccool",
        "tid": "cab9c848-3360-49c9-9c20-f6a600b01ef0"
    },
    {
        "amount": 209,
        "to": "Asha Walling",
        "from": "Jennefer Eggleston",
        "tid": "3004034c-c878-456f-a35c-f5118f3156b0"
    },
    {
        "amount": 241,
        "to": "Angeline Keck",
        "from": "Alyson Pinkston",
        "tid": "bbfc9dff-fb0e-43b7-b18f-44f794874d46"
    },
    {
        "amount": 230,
        "to": "Shaanan Cohney",
        "from": "Torie Martino",
        "tid": "91a9beca-328c-47a2-ba88-952e06d0e2a6"
    },
    {
        "amount": 137,
        "to": "Asha Walling",
        "from": "Elana Holden",
        "tid": "843f5573-10fd-48b5-ab42-78b6c2088a09"
    },
    {
        "amount": 175,
        "to": "Domenica Gable",
        "from": "Lennie Haight",
        "tid": "d20f3354-cb8b-4764-ba67-1edd25e01caf"
    },
    {
        "amount": 201,
        "to": "Deon Lima",
        "from": "Alvera Barrera",
        "tid": "7f492378-6305-4422-89e9-53985b7898cd"
    },
    {
        "amount": 331,
        "to": "Donald Sanford",
        "from": "Dia Monson",
        "tid": "6fff85ce-0525-46bf-84f5-4895eff9869a"
    },
    {
        "amount": 386,
        "to": "Christian Tuggle",
        "from": "Christian Tuggle",
        "tid": "675f4f72-a429-42ef-a38b-41a707571965"
    },
    {
        "amount": 385,
        "to": "Dona Link",
        "from": "Christian Tuggle",
        "tid": "fba23cca-b322-4773-bbe3-3536a49ad9f0"
    },
    {
        "amount": 259,
        "to": "Genaro Goins",
        "from": "Lucie Yazzie",
        "tid": "ea7d8457-c404-45ae-b1d1-f251d7bcf981"
    },
    {
        "amount": 400,
        "to": "Shaanan Cohney",
        "from": "Blondell See",
        "tid": "c7cf7ddc-66ce-4aeb-8e91-4b6d2f34d024"
    },
    {
        "amount": 284,
        "to": "Ngan Bratcher",
        "from": "Altha Redden",
        "tid": "90f0fa9a-7663-44ff-87a8-e40f20ca4908"
    },
    {
        "amount": 224,
        "to": "Shaanan Cohney",
        "from": "Brenna Woodall",
        "tid": "5357ac92-1558-444a-9086-928e21ae9565"
    },
    {
        "amount": 505,
        "to": "Margurite Thorn",
        "from": "Torie Martino",
        "tid": "a43b787f-bb58-489f-8847-4c90f52b8f24"
    },
    {
        "amount": 242,
        "to": "Heike Champagne",
        "from": "Bettye Wooten",
        "tid": "52724daa-6403-48c1-a452-2dde74c5d0b8"
    },
    {
        "amount": 396,
        "to": "Jennefer Eggleston",
        "from": "Donald Sanford",
        "tid": "e010bcec-b6b2-45f0-8893-cd06b4307933"
    },
    {
        "amount": 85,
        "to": "Kassie Hazel",
        "from": "Ileana Broughton",
        "tid": "67ea8bdc-9365-4732-a28e-0b50d518f83e"
    },
    {
        "amount": 345,
        "to": "Jami Kuntz",
        "from": "Shaunte Foy",
        "tid": "6f1abcd3-72a6-40a4-b969-bfa0f516a986"
    },
    {
        "amount": 430,
        "to": "Ignacia Baugh",
        "from": "Dia Monson",
        "tid": "8e6dcb2b-db13-4c2e-bc55-966b5ab0ea9a"
    },
    {
        "amount": 124,
        "to": "Angeline Keck",
        "from": "Jennefer Eggleston",
        "tid": "5fd0ed63-08df-47c8-874a-c1d30c5486e8"
    },
    {
        "amount": 403,
        "to": "Newton Burks",
        "from": "Maurice Comer",
        "tid": "72864fc2-9513-45fa-9ef9-ad62777c3f21"
    },
    {
        "amount": 429,
        "to": "Jami Kuntz",
        "from": "Brenna Woodall",
        "tid": "8901d842-9c5c-44d4-9269-a5abd5fee210"
    },
    {
        "amount": 129,
        "to": "Charlyn Keefer",
        "from": "Gregory Nava",
        "tid": "2512e2a8-d844-42b2-8795-f3cd85ce3dba"
    },
    {
        "amount": 349,
        "to": "Newton Burks",
        "from": "Floretta Lawless",
        "tid": "1f24d186-92cd-441a-abec-8a780450507e"
    },
    {
        "amount": 372,
        "to": "Alessandra Blackmon",
        "from": "Edris Corbitt",
        "tid": "cf9a9104-6da9-427c-bd5b-151ec8fb9e4e"
    },
    {
        "amount": 384,
        "to": "Faustina Wolford",
        "from": "Alyson Pinkston",
        "tid": "e89ab295-fbed-45be-8377-c1a36d53b500"
    },
    {
        "amount": 204,
        "to": "Angeline Keck",
        "from": "Christian Tuggle",
        "tid": "93b2b2f1-cf8a-4d52-b794-b7a02831d0c7"
    },
    {
        "amount": 455,
        "to": "Jule Booker",
        "from": "Mara Parris",
        "tid": "4327474c-64aa-47fd-bce8-205838f4532a"
    },
    {
        "amount": 273,
        "to": "Shanta Shafer",
        "from": "Altha Redden",
        "tid": "0c49e0a3-c3c2-472a-b08d-59484b2616d4"
    },
    {
        "amount": 236,
        "to": "Aisha Craft",
        "from": "Reta Salcedo",
        "tid": "45d577ab-6a92-417b-8077-117df7c7b63b"
    },
    {
        "amount": 276,
        "to": "Leia Klinger",
        "from": "Hayden Weatherford",
        "tid": "0877865a-63c6-42f8-b84b-26180e91b32a"
    },
    {
        "amount": 331,
        "to": "Shaanan Cohney",
        "from": "Donald Sanford",
        "tid": "d1a62371-bfe7-4d35-9b9b-e469a474cb4c"
    },
    {
        "amount": 547,
        "to": "Shaanan Cohney",
        "from": "Shanta Shafer",
        "tid": "6017dcdd-0d59-4c41-81e3-7ab17ada3d24"
    },
    {
        "amount": 496,
        "to": "Caprice Burnett",
        "from": "Torie Martino",
        "tid": "154df11f-681f-4cbb-8466-ec082ccd933c"
    },
    {
        "amount": 190,
        "to": "Shaanan Cohney",
        "from": "Teodoro Gold",
        "tid": "0e617909-93d0-4eff-97af-0637890c59c6"
    },
    {
        "amount": 277,
        "to": "Shaanan Cohney",
        "from": "Margurite Thorn",
        "tid": "bfacf440-a33e-430b-94c6-e1afa675c9c4"
    },
    {
        "amount": 63,
        "to": "Ileana Broughton",
        "from": "Elise Carnes",
        "tid": "1c0c9a62-af29-4691-abeb-282390d7c0e4"
    },
    {
        "amount": 411,
        "to": "Candis Lemus",
        "from": "Felecia Mckeown",
        "tid": "265b0d19-6787-4b1b-a0af-8edab2e530ba"
    },
    {
        "amount": 263,
        "to": "Alessandra Blackmon",
        "from": "Johnson Humphrey",
        "tid": "a76a1d3f-af14-48fd-9407-0d55855a765e"
    },
    {
        "amount": 357,
        "to": "Joanie Cramer",
        "from": "Johnson Humphrey",
        "tid": "71bbde72-35df-40cd-93c3-ff6c123fe9dc"
    },
    {
        "amount": 495,
        "to": "Jule Booker",
        "from": "Shaunte Foy",
        "tid": "84d89549-431c-4a4d-8d91-b2dbda44ebf1"
    },
    {
        "amount": 377,
        "to": "Andre Cummins",
        "from": "Teodoro Gold",
        "tid": "18e707b0-0f7d-422e-b05c-a8fcc8f815c8"
    },
    {
        "amount": 115,
        "to": "Jason Mccallister",
        "from": "Mara Parris",
        "tid": "0cd13abb-6c49-4361-959d-37281d26a069"
    },
    {
        "amount": 487,
        "to": "Aisha Craft",
        "from": "Gregory Nava",
        "tid": "3b87087a-4c77-46f3-914d-d836cd74c0a7"
    },
    {
        "amount": 279,
        "to": "Kassie Hazel",
        "from": "Andre Cummins",
        "tid": "43eeccfd-c670-4893-b74f-ff32eb2ac63c"
    },
    {
        "amount": 293,
        "to": "Jule Booker",
        "from": "Mara Parris",
        "tid": "c8d70a75-b917-4ff1-bc0d-ab600da1c69b"
    },
    {
        "amount": 327,
        "to": "Kassie Hazel",
        "from": "Ellyn Furr",
        "tid": "755f8d48-fadf-43b2-ac0a-26db8a8d00d4"
    },
    {
        "amount": 199,
        "to": "Candis Lemus",
        "from": "Carline Epstein",
        "tid": "a0e67f8c-f707-4d5f-bf36-b32f93824a11"
    },
    {
        "amount": 148,
        "to": "Gregory Nava",
        "from": "Dulce Arnett",
        "tid": "b2adc5f1-c1dc-402d-98ff-517d1f4de7a5"
    },
    {
        "amount": 91,
        "to": "Shaanan Cohney",
        "from": "Joanie Cramer",
        "tid": "11c0efc8-d052-4679-807c-10a414ee8e02"
    },
    {
        "amount": 389,
        "to": "Khalilah Stout",
        "from": "Domenica Gable",
        "tid": "b92308cd-ca83-4be8-9a69-02c33d2e91f6"
    },
    {
        "amount": 125,
        "to": "Ozella Burkett",
        "from": "Lucie Yazzie",
        "tid": "f9e176d4-6589-4755-9f34-8d663c1dc3f6"
    },
    {
        "amount": 333,
        "to": "August Jewell",
        "from": "Shanti Hanley",
        "tid": "7134a8b3-6046-4072-b8f8-82eb6c6f7179"
    },
    {
        "amount": 244,
        "to": "Andre Cummins",
        "from": "Deon Lima",
        "tid": "02397f52-2623-4dd8-8cc6-94998a5f27e0"
    },
    {
        "amount": 202,
        "to": "Johnson Humphrey",
        "from": "Charlyn Keefer",
        "tid": "ec7be594-b373-4cb6-b054-357aef6a3f73"
    },
    {
        "amount": 361,
        "to": "Heike Champagne",
        "from": "Santo Sutherland",
        "tid": "a044f66c-2b35-448e-a0e4-dbdbe529f162"
    },
    {
        "amount": 465,
        "to": "JC Casas",
        "from": "Caprice Burnett",
        "tid": "75400b14-50b6-4b26-8464-5fb73edb9a23"
    },
    {
        "amount": 294,
        "to": "Christian Tuggle",
        "from": "Hayden Weatherford",
        "tid": "99f49388-dd21-43ee-9452-bfcf3841b6a1"
    },
    {
        "amount": 224,
        "to": "Asha Walling",
        "from": "Margeret Scully",
        "tid": "70323075-4274-4a26-acf9-2b29cdcb9784"
    },
    {
        "amount": 321,
        "to": "Jeanetta Hoyt",
        "from": "Nathanial Arce",
        "tid": "896aba87-ade5-494c-9e87-dc1e9230b7ef"
    },
    {
        "amount": 135,
        "to": "Shaunte Foy",
        "from": "Kia Burkholder",
        "tid": "02770f62-8c9f-4256-8675-75c76f66d7da"
    },
    {
        "amount": 239,
        "to": "Santo Sutherland",
        "from": "Tisa Greiner",
        "tid": "a8a1fe46-ed16-4b56-a750-df9d70a89781"
    },
    {
        "amount": 257,
        "to": "Alyson Pinkston",
        "from": "Jeraldine Williford",
        "tid": "65953f2d-0357-4700-89b0-562bfcd0fe5b"
    },
    {
        "amount": 85,
        "to": "Shaanan Cohney",
        "from": "Kassie Hazel",
        "tid": "0a1cbf5c-bf61-4116-b8b4-1c0a3a736bad"
    },
    {
        "amount": 454,
        "to": "Aisha Craft",
        "from": "Dorsey Gore",
        "tid": "cdd1fba8-cf03-4b1c-ae26-06edd52b93d4"
    },
    {
        "amount": 440,
        "to": "Lucie Yazzie",
        "from": "Teddy Cheng",
        "tid": "1cc45c58-1bee-46e7-b092-f7128ff11e30"
    },
    {
        "amount": 490,
        "to": "Kia Burkholder",
        "from": "Suellen Boatwright",
        "tid": "8b13a9f1-ca08-4a96-98a3-e350891964ba"
    },
    {
        "amount": 141,
        "to": "Ngan Bratcher",
        "from": "Asha Walling",
        "tid": "bcd8ba16-f1c2-405c-be96-1c94e5a07bfd"
    },
    {
        "amount": 232,
        "to": "Dorsey Gore",
        "from": "Jeraldine Williford",
        "tid": "3901594c-4bff-4a83-a892-cfbb8786bf70"
    },
    {
        "amount": 309,
        "to": "Jeanetta Hoyt",
        "from": "Altha Redden",
        "tid": "81b5a2a6-d19f-4aa3-a47c-d73725173a01"
    },
    {
        "amount": 296,
        "to": "Louie Lovelace",
        "from": "Bettye Wooten",
        "tid": "01209091-f78c-4970-906e-90f63c926d79"
    },
    {
        "amount": 174,
        "to": "Angeline Keck",
        "from": "Leia Klinger",
        "tid": "84cb4b80-61a8-46ee-a97a-a826c3b065ea"
    },
    {
        "amount": 119,
        "to": "Bettye Wooten",
        "from": "Torie Martino",
        "tid": "aebce902-5658-49b5-9a8e-13674385c35a"
    },
    {
        "amount": 473,
        "to": "Mara Parris",
        "from": "Torie Martino",
        "tid": "269dcde6-fb19-492c-81c7-97c093c284f3"
    },
    {
        "amount": 280,
        "to": "Alysha Place",
        "from": "Mara Parris",
        "tid": "b7df111d-196b-49ec-a248-c4d7ac116ce8"
    },
    {
        "amount": 236,
        "to": "Shaanan Cohney",
        "from": "Roscoe Stamps",
        "tid": "981487e8-c36e-4e3a-8835-158793dd1787"
    },
    {
        "amount": 5,
        "to": "Shaanan Cohney",
        "from": "Teddy Cheng",
        "tid": "d16a1b85-a4c5-44d7-ac80-11a273c92573"
    },
    {
        "amount": 301,
        "to": "Shanti Hanley",
        "from": "Jason Mccallister",
        "tid": "fcc4361e-ef84-4808-92a0-0e4477159792"
    },
    {
        "amount": 190,
        "to": "Shaanan Cohney",
        "from": "Ericka Beverly",
        "tid": "a6ba3e62-d1d8-455f-94aa-a9cc391bb1c5"
    },
    {
        "amount": 615,
        "to": "Shaanan Cohney",
        "from": "Shaunte Foy",
        "tid": "d9ae397a-39de-42a1-b536-7bc79ecb44b1"
    },
    {
        "amount": 308,
        "to": "Khalilah Stout",
        "from": "Dona Link",
        "tid": "edb02175-ebe1-411c-a48d-ccc100c1ec00"
    },
    {
        "amount": 452,
        "to": "Matilda Albright",
        "from": "Johnson Humphrey",
        "tid": "57e786ff-b8fc-4ee7-ba90-f3757323af57"
    },
    {
        "amount": 427,
        "to": "Ericka Beverly",
        "from": "Lissette Epperson",
        "tid": "1a4c1078-b471-43df-8d1b-203368939192"
    },
    {
        "amount": 286,
        "to": "Virgen Herman",
        "from": "Colette Pickering",
        "tid": "9c95b526-1447-4604-90bd-b01ae7f6b17b"
    },
    {
        "amount": 309,
        "to": "Charise Bradford",
        "from": "Teddy Cheng",
        "tid": "2459fc47-7a64-4288-a2ef-2f7a7e54db36"
    },
    {
        "amount": 138,
        "to": "Sharice Bledsoe",
        "from": "Farah Bateman",
        "tid": "6dde08f3-d7e9-4b9d-bc22-aa6994a18bc0"
    },
    {
        "amount": 481,
        "to": "Charlyn Keefer",
        "from": "Santo Sutherland",
        "tid": "2aa4e2ff-ac30-4b3a-9b06-b42ce3b32e58"
    },
    {
        "amount": 58,
        "to": "Charlyn Keefer",
        "from": "Doreatha Folse",
        "tid": "142d72c9-2570-449c-8099-5734ed41be97"
    },
    {
        "amount": 351,
        "to": "Santos Maples",
        "from": "Altha Redden",
        "tid": "c892baa7-54c0-4772-bd36-d9173dcb044f"
    },
    {
        "amount": 403,
        "to": "Matilda Albright",
        "from": "Donald Sanford",
        "tid": "bb599881-3fb9-47bf-977d-68caa6303b75"
    },
    {
        "amount": 152,
        "to": "Aisha Craft",
        "from": "Khalilah Stout",
        "tid": "09b261ac-348c-4260-99fc-af5d12174f14"
    },
    {
        "amount": 406,
        "to": "Kendrick Mcfarland",
        "from": "Jeanetta Hoyt",
        "tid": "ea3e4b96-b348-4aab-9711-42ad47006d10"
    },
    {
        "amount": 196,
        "to": "Domenica Gable",
        "from": "Elana Holden",
        "tid": "9a2babc7-b667-498b-b4e0-c61a71a06739"
    },
    {
        "amount": 465,
        "to": "Margurite Thorn",
        "from": "Newton Burks",
        "tid": "ff3f5ef4-c550-44a1-8c34-ae86a6676c72"
    },
    {
        "amount": 103,
        "to": "Lucie Yazzie",
        "from": "Lissette Epperson",
        "tid": "418c778a-8a11-458d-a756-d00ccc290d3e"
    },
    {
        "amount": 386,
        "to": "Alvera Barrera",
        "from": "Nathanial Arce",
        "tid": "df443578-557c-46b9-86f2-121f42d5f45f"
    },
    {
        "amount": 340,
        "to": "Ignacia Baugh",
        "from": "Nathanial Arce",
        "tid": "a76dffac-2cd8-4344-a5df-1107b944d980"
    },
    {
        "amount": 176,
        "to": "Ngan Bratcher",
        "from": "Farah Bateman",
        "tid": "eb1d94aa-95f6-4713-9ee2-22dc46fcd8f3"
    },
    {
        "amount": 458,
        "to": "Shanti Hanley",
        "from": "Gregory Nava",
        "tid": "1733358d-3bee-4aff-a931-0123818fb075"
    },
    {
        "amount": 58,
        "to": "Matilda Albright",
        "from": "Robby Laughlin",
        "tid": "ca9fb5cc-db95-4f42-a520-55593c8c4725"
    },
    {
        "amount": 491,
        "to": "Luann Elston",
        "from": "Christian Tuggle",
        "tid": "a6dc74f0-1901-4092-a1dd-2a485c5c0d05"
    },
    {
        "amount": 362,
        "to": "Alyson Pinkston",
        "from": "Alyson Pinkston",
        "tid": "f994360b-2b07-484a-a908-15efa2878d68"
    },
    {
        "amount": 368,
        "to": "Edris Corbitt",
        "from": "Luann Elston",
        "tid": "fdc42236-dcf5-4d37-99ff-8e3d815a1cc6"
    },
    {
        "amount": 89,
        "to": "Leia Klinger",
        "from": "Una Nobles",
        "tid": "7bc3b57b-70cb-4f24-90e2-12dc71227238"
    },
    {
        "amount": 232,
        "to": "Bettye Wooten",
        "from": "Dona Link",
        "tid": "254247da-40e6-43dc-ac7f-a771bf0d2130"
    },
    {
        "amount": 648,
        "to": "Shaanan Cohney",
        "from": "Faustina Wolford",
        "tid": "617f9df4-01c2-43ce-bec4-e21321a163f9"
    },
    {
        "amount": 158,
        "to": "Khalilah Stout",
        "from": "Leia Klinger",
        "tid": "f004f0c3-7aae-4cca-87c4-6a8b5c4c259f"
    },
    {
        "amount": 237,
        "to": "Dulce Arnett",
        "from": "Ozella Burkett",
        "tid": "61f1c099-575e-4d80-bb34-a0d4225c2ad0"
    },
    {
        "amount": 253,
        "to": "Lucie Yazzie",
        "from": "Domenica Gable",
        "tid": "53a92d79-560d-4bac-a729-aff4c7fff834"
    },
    {
        "amount": 159,
        "to": "Newton Burks",
        "from": "Virgen Herman",
        "tid": "cc876065-6de9-4318-9bbf-5d0f41861210"
    },
    {
        "amount": 484,
        "to": "Heike Champagne",
        "from": "Dorsey Gore",
        "tid": "76a78af6-b558-4030-9e4b-0686564a3f2c"
    },
    {
        "amount": 320,
        "to": "Newton Burks",
        "from": "Charlyn Keefer",
        "tid": "1f1a69fb-607b-4bc1-bbe3-dbda7173b7a1"
    },
    {
        "amount": 176,
        "to": "Andre Cummins",
        "from": "Lennie Haight",
        "tid": "e99fc619-07bf-4b11-85c0-a51f9c60e792"
    },
    {
        "amount": 198,
        "to": "Genaro Goins",
        "from": "Ozella Burkett",
        "tid": "c76f8d35-9b92-43df-90df-6f73069616e9"
    },
    {
        "amount": 110,
        "to": "Jennefer Eggleston",
        "from": "Gregory Nava",
        "tid": "b1e3a399-a070-4671-96dc-f4702aa8cf3c"
    },
    {
        "amount": 397,
        "to": "Dona Link",
        "from": "Margeret Scully",
        "tid": "e5409067-270a-4dd6-aa29-e2daa227c6a3"
    },
    {
        "amount": 278,
        "to": "JC Casas",
        "from": "Shaunte Foy",
        "tid": "f9a7b9f3-7d79-4c54-aa04-a500164e1704"
    },
    {
        "amount": 295,
        "to": "Teodoro Gold",
        "from": "Cherie Mccool",
        "tid": "f607c011-ddcf-49c4-99c5-8087cae7b4eb"
    },
    {
        "amount": 396,
        "to": "Caprice Burnett",
        "from": "Suellen Boatwright",
        "tid": "228055b6-f989-4924-b3df-ce11081a37e6"
    },
    {
        "amount": 325,
        "to": "Daria Hawk",
        "from": "Lucie Yazzie",
        "tid": "f955fce8-eec2-455c-b330-669668c15f89"
    },
    {
        "amount": 151,
        "to": "Ozella Burkett",
        "from": "Asha Walling",
        "tid": "1bd46b06-7783-4e5b-bedf-89ac7a5593b6"
    },
    {
        "amount": 475,
        "to": "Felecia Mckeown",
        "from": "Ofelia Hamel",
        "tid": "6626c026-e36a-4b68-9c4e-5f5991ab4eef"
    },
    {
        "amount": 243,
        "to": "Ngan Bratcher",
        "from": "Shanta Shafer",
        "tid": "8d527654-cf7b-428b-9740-0eb435e7b0c2"
    },
    {
        "amount": 438,
        "to": "Kassie Hazel",
        "from": "Candis Lemus",
        "tid": "61139baa-b46f-4cb1-ac8e-d7fbe122e030"
    },
    {
        "amount": 253,
        "to": "Faustina Wolford",
        "from": "Joanie Cramer",
        "tid": "b140a329-0524-4036-9b17-56b6faa3a2e2"
    },
    {
        "amount": 154,
        "to": "Lucie Yazzie",
        "from": "Ellyn Furr",
        "tid": "d2ea8827-d623-4621-8298-33b66fa481d4"
    },
    {
        "amount": 168,
        "to": "Mollie Halverson",
        "from": "Cherie Mccool",
        "tid": "fc3a60cb-1967-487a-a437-5c6095faa240"
    },
    {
        "amount": 425,
        "to": "Shaunte Foy",
        "from": "Dorsey Gore",
        "tid": "ed5ec964-7ca8-43bd-b2fd-769fb3694c9f"
    },
    {
        "amount": 393,
        "to": "Maurice Comer",
        "from": "Heike Champagne",
        "tid": "12d6edea-0368-47aa-b375-c747f5ca7c09"
    },
    {
        "amount": 245,
        "to": "Una Nobles",
        "from": "Ngan Bratcher",
        "tid": "9cfabc8f-79af-41b4-9341-19442c50c134"
    },
    {
        "amount": 357,
        "to": "Joanie Cramer",
        "from": "Santo Sutherland",
        "tid": "0d7eacc9-f3bd-4b40-84ab-f9bd2341472a"
    },
    {
        "amount": 482,
        "to": "Margeret Scully",
        "from": "Asha Walling",
        "tid": "5988bb17-d786-4074-9a43-e2a778797d05"
    },
    {
        "amount": 168,
        "to": "Una Nobles",
        "from": "Genaro Goins",
        "tid": "bb94b7c7-75b7-4610-bf85-299b06c8ed5a"
    },
    {
        "amount": 380,
        "to": "Genaro Goins",
        "from": "Khalilah Stout",
        "tid": "a087cc62-9c9f-411a-aaf0-25cabda3fb18"
    },
    {
        "amount": 119,
        "to": "Shaunte Foy",
        "from": "Matilda Albright",
        "tid": "97a4a176-c1c9-494f-b12c-c6fd696d480c"
    },
    {
        "amount": 137,
        "to": "Newton Burks",
        "from": "Suellen Boatwright",
        "tid": "ca66cd89-fb49-42f6-97a6-c10a03800593"
    },
    {
        "amount": 280,
        "to": "Farah Bateman",
        "from": "Maurice Comer",
        "tid": "970e13e8-01ee-4ca5-a2b3-0323f0dc6aaa"
    },
    {
        "amount": 336,
        "to": "Reta Salcedo",
        "from": "Floretta Lawless",
        "tid": "59f19bf9-bd1f-491c-9798-e6750cbdba5d"
    },
    {
        "amount": 187,
        "to": "Domenica Gable",
        "from": "Kia Burkholder",
        "tid": "7ff4b079-aee3-4f4c-8051-c1477fe390bd"
    },
    {
        "amount": 194,
        "to": "Aisha Craft",
        "from": "Kia Burkholder",
        "tid": "4ded49b3-f34d-4049-b8a2-d240f5ab3d0b"
    },
    {
        "amount": 121,
        "to": "Shanta Shafer",
        "from": "Caprice Burnett",
        "tid": "bf2b1f37-8254-4385-834a-d1cb35f390c2"
    },
    {
        "amount": 500,
        "to": "Blondell See",
        "from": "Roscoe Stamps",
        "tid": "2647765b-9eba-4351-a153-fd62cbb2c021"
    },
    {
        "amount": 269,
        "to": "Kia Burkholder",
        "from": "Ellyn Furr",
        "tid": "3bf9414e-e52c-4d04-80ac-e208a1534ed2"
    },
    {
        "amount": 341,
        "to": "Cherie Mccool",
        "from": "Ellyn Furr",
        "tid": "b70f9b23-a651-435d-81f3-e12c7467ab54"
    },
    {
        "amount": 169,
        "to": "Felecia Mckeown",
        "from": "Margeret Scully",
        "tid": "9b31e851-38ac-4140-8bb1-70422888bbfe"
    },
    {
        "amount": 222,
        "to": "Louie Lovelace",
        "from": "Suellen Boatwright",
        "tid": "842497df-0fac-42f9-9eb3-ce7de14d563a"
    },
    {
        "amount": 203,
        "to": "Teddy Cheng",
        "from": "Jule Booker",
        "tid": "3b37fee8-8867-433b-a35f-91dd65576ed5"
    },
    {
        "amount": 221,
        "to": "August Jewell",
        "from": "Felipa Sallee",
        "tid": "5a2c93fb-f381-456b-9e4d-d18ffcf75fe4"
    },
    {
        "amount": 457,
        "to": "Sharice Bledsoe",
        "from": "Robby Laughlin",
        "tid": "32d5b441-9f15-4e3a-b61c-950a87048d5d"
    },
    {
        "amount": 273,
        "to": "Teddy Cheng",
        "from": "Gregory Nava",
        "tid": "659eb5dc-b3d0-4e3e-a428-09636e62210c"
    },
    {
        "amount": 139,
        "to": "Reta Salcedo",
        "from": "Louie Lovelace",
        "tid": "24d30197-debd-4665-a341-5c2b57a5ac22"
    },
    {
        "amount": 379,
        "to": "Cherie Mccool",
        "from": "Dorsey Gore",
        "tid": "2296d1af-7f3d-43ea-b41e-f1d070a897aa"
    },
    {
        "amount": 123,
        "to": "August Jewell",
        "from": "Luann Elston",
        "tid": "55063e43-9fed-463c-a736-7bc78dbcd653"
    },
    {
        "amount": 347,
        "to": "Matilda Albright",
        "from": "Jami Kuntz",
        "tid": "83d34369-e384-4ee0-a70e-90535fcc2bad"
    },
    {
        "amount": 388,
        "to": "Joanie Cramer",
        "from": "Margeret Scully",
        "tid": "341b4e76-b8b1-4e8f-aaf0-50ddfc5ef4e9"
    },
    {
        "amount": 58,
        "to": "Shaanan Cohney",
        "from": "Asha Walling",
        "tid": "f5ab3a2f-4ae3-406e-8be1-d05a6d1e0176"
    },
    {
        "amount": 488,
        "to": "Jeanetta Hoyt",
        "from": "JC Casas",
        "tid": "f4717bb0-f113-46e1-9b4d-0e3c98295c21"
    },
    {
        "amount": 34,
        "to": "Dorsey Gore",
        "from": "Una Nobles",
        "tid": "23288493-e2fb-4bef-9306-83667f1efe06"
    },
    {
        "amount": 121,
        "to": "Jule Booker",
        "from": "Asha Walling",
        "tid": "6e770ae0-5fc9-45f6-aeb4-ca9116cc2242"
    },
    {
        "amount": 505,
        "to": "Jerrie Breedlove",
        "from": "Lissette Epperson",
        "tid": "c585077b-a16a-4e06-903b-721bcdde36f1"
    },
    {
        "amount": 313,
        "to": "Alessandra Blackmon",
        "from": "Leia Klinger",
        "tid": "cd35b1f8-8c82-4180-bc52-627cd5be9969"
    },
    {
        "amount": 112,
        "to": "Altha Redden",
        "from": "Jule Booker",
        "tid": "51bfd197-a126-49e5-9233-aa8e8eb1ee61"
    },
    {
        "amount": 289,
        "to": "Ellyn Furr",
        "from": "Robby Laughlin",
        "tid": "6622b527-3a2a-41a3-ac2b-33d05ce95b7a"
    },
    {
        "amount": 300,
        "to": "Ellyn Furr",
        "from": "Kia Burkholder",
        "tid": "8363d1c6-191d-4e8b-8c68-9dcf85c06766"
    },
    {
        "amount": 148,
        "to": "Margeret Scully",
        "from": "Francie Duggan",
        "tid": "42860e63-e035-49d1-a559-8f90deddf748"
    },
    {
        "amount": 241,
        "to": "Deon Lima",
        "from": "Virgen Herman",
        "tid": "ca937b99-8e79-4c2a-a0b2-6d68af32b1f4"
    },
    {
        "amount": 269,
        "to": "Una Nobles",
        "from": "Felecia Mckeown",
        "tid": "f3d27ef4-fdfc-45f4-9cbf-8984f81104ff"
    },
    {
        "amount": 75,
        "to": "Domenica Gable",
        "from": "Colette Pickering",
        "tid": "d44a272b-a8f8-4c37-a8df-8eefc77c9841"
    },
    {
        "amount": 339,
        "to": "Blondell See",
        "from": "August Jewell",
        "tid": "5481bad2-61ac-45c3-99c7-d2dbc8246cac"
    },
    {
        "amount": 247,
        "to": "Charise Bradford",
        "from": "Jeraldine Williford",
        "tid": "766c86ee-aaa2-402c-8874-8eddcdfb2410"
    },
    {
        "amount": 149,
        "to": "Margurite Thorn",
        "from": "Genaro Goins",
        "tid": "017dba33-c9d5-4544-a7d9-be4586bdde33"
    },
    {
        "amount": 315,
        "to": "Gregory Nava",
        "from": "Elana Holden",
        "tid": "ec8be07c-7dc5-4ee0-a84b-f83f1bdec8b9"
    },
    {
        "amount": 495,
        "to": "Shaanan Cohney",
        "from": "Angeline Keck",
        "tid": "4989bb16-9a09-479d-b776-9c0fd38bbd4f"
    },
    {
        "amount": 176,
        "to": "Shanta Shafer",
        "from": "Una Nobles",
        "tid": "b0e96f56-fd03-4034-a64c-22bf915dbdfa"
    },
    {
        "amount": 497,
        "to": "Torie Martino",
        "from": "Alessandra Blackmon",
        "tid": "efc5df53-918e-448f-897e-6c679b99bb00"
    },
    {
        "amount": 282,
        "to": "Shaunte Foy",
        "from": "JC Casas",
        "tid": "34c60560-f750-40db-abf1-2204c855fbc6"
    },
    {
        "amount": 97,
        "to": "Shaanan Cohney",
        "from": "Genaro Goins",
        "tid": "6f94c0cb-574b-48c5-8fc0-9a698f7be9be"
    },
    {
        "amount": 517,
        "to": "Shaanan Cohney",
        "from": "Santos Maples",
        "tid": "d808d2f7-791f-4083-9cd3-b6f3e699880f"
    },
    {
        "amount": 427,
        "to": "Dulce Arnett",
        "from": "Jason Mccallister",
        "tid": "fff99bc6-5675-475d-85c2-72bbc96067fa"
    },
    {
        "amount": 293,
        "to": "Andre Cummins",
        "from": "Ericka Beverly",
        "tid": "d6de53f7-bd22-42c8-9422-0ba8d0286957"
    },
    {
        "amount": 394,
        "to": "Tisa Greiner",
        "from": "Maurice Comer",
        "tid": "3795d747-0717-4a98-a5ed-bd8f41ede224"
    },
    {
        "amount": 106,
        "to": "Allen Delagarza",
        "from": "Lucie Yazzie",
        "tid": "b9950910-9b22-4441-8bcd-de10ccc52de2"
    },
    {
        "amount": 154,
        "to": "Johnson Humphrey",
        "from": "Jason Mccallister",
        "tid": "476c1d01-8c4d-4788-8e6e-b354387106c1"
    },
    {
        "amount": 581,
        "to": "Shaanan Cohney",
        "from": "Louie Lovelace",
        "tid": "b18e6096-36e6-42f8-911f-c1588e40e07f"
    },
    {
        "amount": 82,
        "to": "Colette Pickering",
        "from": "Shanti Hanley",
        "tid": "8f44e282-b816-4183-aeb8-7da9281fc8f9"
    },
    {
        "amount": 172,
        "to": "Jule Booker",
        "from": "Elise Carnes",
        "tid": "5ab407fa-f65e-4952-9ea4-cbb6d85a518e"
    },
    {
        "amount": 476,
        "to": "Teodoro Gold",
        "from": "Roscoe Stamps",
        "tid": "9f63613f-5434-46af-8536-8cfd59b67de8"
    },
    {
        "amount": 148,
        "to": "Jule Booker",
        "from": "Teddy Cheng",
        "tid": "438030dd-14f9-4e56-9745-145a3877855b"
    },
    {
        "amount": 187,
        "to": "Newton Burks",
        "from": "Newton Burks",
        "tid": "9e594ac1-1331-44d9-a603-0c9245dff70a"
    },
    {
        "amount": 381,
        "to": "Margeret Scully",
        "from": "Ileana Broughton",
        "tid": "b6c494af-eaae-44a7-91f3-5b74805a1cb0"
    },
    {
        "amount": 96,
        "to": "Lennie Haight",
        "from": "Candis Lemus",
        "tid": "e312ca0a-38f8-46b8-8721-be57b876c749"
    },
    {
        "amount": 289,
        "to": "Teodoro Gold",
        "from": "Charlyn Keefer",
        "tid": "c193864f-bb2e-48cc-8bb0-451b3e922d33"
    },
    {
        "amount": 173,
        "to": "Shaanan Cohney",
        "from": "Jule Booker",
        "tid": "5cb1fd10-0821-4c10-9d51-fc7ba6c36ac8"
    },
    {
        "amount": 34,
        "to": "Virgen Herman",
        "from": "Teddy Cheng",
        "tid": "7a861c8f-e7bc-4d1f-921b-cf32d62f30dc"
    },
    {
        "amount": 235,
        "to": "Nathanial Arce",
        "from": "Joanie Cramer",
        "tid": "e3fa2f21-080a-4747-8bd1-51ec937d398c"
    },
    {
        "amount": 149,
        "to": "Marlyn Pulido",
        "from": "Brenna Woodall",
        "tid": "738ca80e-2673-4d21-86f9-4d491e67e3ac"
    },
    {
        "amount": 455,
        "to": "Shaanan Cohney",
        "from": "Jami Kuntz",
        "tid": "5f6873d4-ce68-4e37-ab8b-9c87450200bc"
    },
    {
        "amount": 272,
        "to": "Alyson Pinkston",
        "from": "Ileana Broughton",
        "tid": "d0903939-db53-4358-954c-9cf3046059df"
    },
    {
        "amount": 500,
        "to": "Robby Laughlin",
        "from": "Carline Epstein",
        "tid": "dcbc6b93-2679-413d-972e-5f060d7bbbbe"
    },
    {
        "amount": 27,
        "to": "Shaanan Cohney",
        "from": "Aisha Craft",
        "tid": "4a556757-5b4a-4d9b-8aba-187a2645d2ac"
    },
    {
        "amount": 141,
        "to": "Joanie Cramer",
        "from": "Sharice Bledsoe",
        "tid": "5882409e-050d-4bab-b376-18888293598f"
    },
    {
        "amount": 111,
        "to": "Allen Delagarza",
        "from": "Jami Kuntz",
        "tid": "411a54da-cdaf-40b9-8f50-31db6f020641"
    },
    {
        "amount": 116,
        "to": "Elise Carnes",
        "from": "Jami Kuntz",
        "tid": "717ce598-6205-46bd-b671-d8e43e1aca44"
    },
    {
        "amount": 393,
        "to": "Sharice Bledsoe",
        "from": "Charlyn Keefer",
        "tid": "eafe2801-47c5-478d-bb2c-58b435e3bc88"
    },
    {
        "amount": 471,
        "to": "Luann Elston",
        "from": "Domenica Gable",
        "tid": "be4c1634-bdf1-49e9-bcc0-b20486553819"
    },
    {
        "amount": 206,
        "to": "Andre Cummins",
        "from": "Leia Klinger",
        "tid": "016df92c-4fec-4d26-b3b0-a7994b6a28e4"
    },
    {
        "amount": 399,
        "to": "Andre Cummins",
        "from": "Andre Cummins",
        "tid": "f08c63b1-0dc8-4134-8c87-9a60269de581"
    },
    {
        "amount": 595,
        "to": "Shaanan Cohney",
        "from": "Charise Bradford",
        "tid": "91d8e817-933a-4111-9d75-d454648c8f27"
    },
    {
        "amount": 310,
        "to": "Johnson Humphrey",
        "from": "Genaro Goins",
        "tid": "08fc1acc-8e41-42cb-a293-06bbd4f0720f"
    },
    {
        "amount": 304,
        "to": "Alessandra Blackmon",
        "from": "Jule Booker",
        "tid": "6896078f-8806-43f8-8bd2-f9f3d6b126a3"
    },
    {
        "amount": 255,
        "to": "Felipa Sallee",
        "from": "Domenica Gable",
        "tid": "0d813620-4172-44db-a247-c54dc6c4bc35"
    },
    {
        "amount": 366,
        "to": "Torie Martino",
        "from": "Khalilah Stout",
        "tid": "d53a3c8e-c074-4458-9663-a92d781b0383"
    },
    {
        "amount": 477,
        "to": "Floretta Lawless",
        "from": "Mara Parris",
        "tid": "f1903a79-d53a-44f0-b3fe-8a3b68c68070"
    },
    {
        "amount": 126,
        "to": "Shaanan Cohney",
        "from": "Angelika Batson",
        "tid": "f1a26fde-8a3a-4330-ba8c-dc7955c064ad"
    },
    {
        "amount": 314,
        "to": "Brenna Woodall",
        "from": "Santos Maples",
        "tid": "2fda3407-7939-4e20-b758-460dbb16b42a"
    },
    {
        "amount": 43,
        "to": "Shaanan Cohney",
        "from": "Maurice Comer",
        "tid": "3e56fcb1-a9ff-4653-8263-79dd338b18cf"
    },
    {
        "amount": 16,
        "to": "Mollie Halverson",
        "from": "Elana Holden",
        "tid": "d72752dd-be79-402b-9f38-bc4c428c92c4"
    },
    {
        "amount": 291,
        "to": "Roscoe Stamps",
        "from": "Jule Booker",
        "tid": "cd9b2254-f547-459b-801f-97204075163e"
    },
    {
        "amount": 550,
        "to": "Shaanan Cohney",
        "from": "Gregory Nava",
        "tid": "10a2edd4-ede8-4b5f-adf8-9976a11042ac"
    },
    {
        "amount": 186,
        "to": "Joanie Cramer",
        "from": "Kia Burkholder",
        "tid": "40dfafd0-48e6-45c2-9abf-5ce81b830ff0"
    },
    {
        "amount": 393,
        "to": "Robby Laughlin",
        "from": "Shaunte Foy",
        "tid": "98033856-b9c4-4570-aede-b4e4b8329da1"
    },
    {
        "amount": 141,
        "to": "Janene Fong",
        "from": "Teddy Cheng",
        "tid": "d0c87c5a-abea-43d4-a5c0-8f158e799783"
    },
    {
        "amount": 232,
        "to": "Charise Bradford",
        "from": "Jami Kuntz",
        "tid": "6f0ef2e2-8ff0-4bf9-9602-e700f2b88685"
    },
    {
        "amount": 221,
        "to": "Doreatha Folse",
        "from": "Mollie Halverson",
        "tid": "82519a00-2243-4fe7-805f-1d603bc88bf1"
    },
    {
        "amount": 470,
        "to": "Jeraldine Williford",
        "from": "Donald Sanford",
        "tid": "3f9effd6-0434-4e81-9ee6-559d28696578"
    },
    {
        "amount": 297,
        "to": "Tisa Greiner",
        "from": "Dorsey Gore",
        "tid": "83c0c8a6-7dc3-423c-b205-838b7e314329"
    },
    {
        "amount": 315,
        "to": "Una Nobles",
        "from": "Luann Elston",
        "tid": "a8b64ec2-a9ea-48fd-ac9f-a384b124036f"
    },
    {
        "amount": 24,
        "to": "Lissette Epperson",
        "from": "Jason Mccallister",
        "tid": "0aea7d84-6686-471c-8d37-eafa52498062"
    },
    {
        "amount": 188,
        "to": "Hayden Weatherford",
        "from": "Elana Holden",
        "tid": "19e065d9-8170-43ce-a74e-8678521bbc6a"
    },
    {
        "amount": 394,
        "to": "Suellen Boatwright",
        "from": "Dia Monson",
        "tid": "b73ed7cf-58e4-4d25-9e4a-74d3282cd3cb"
    },
    {
        "amount": 350,
        "to": "Suellen Boatwright",
        "from": "Francie Duggan",
        "tid": "2bbe1357-962d-48bd-8806-98b73834c58d"
    },
    {
        "amount": 367,
        "to": "Faustina Wolford",
        "from": "Reta Salcedo",
        "tid": "8ed6ebf4-c19a-480b-b18a-585c3476ae46"
    },
    {
        "amount": 229,
        "to": "Valarie Hoy",
        "from": "Felipa Sallee",
        "tid": "90f22457-6d7f-455c-bf42-4f38c10cbadd"
    },
    {
        "amount": 230,
        "to": "Gregory Nava",
        "from": "Alyson Pinkston",
        "tid": "3767ef92-c8f0-4e18-8436-78e903687bdc"
    },
    {
        "amount": 336,
        "to": "Robby Laughlin",
        "from": "Daria Hawk",
        "tid": "b6955978-fe29-4e70-960d-105c176d4292"
    },
    {
        "amount": 115,
        "to": "Allen Delagarza",
        "from": "Elana Holden",
        "tid": "8baaa1d6-834f-40c8-9559-407bc0b216f8"
    },
    {
        "amount": 320,
        "to": "Lennie Haight",
        "from": "Carline Epstein",
        "tid": "70e0fe74-f13e-4c2a-9c19-14b723479dd3"
    },
    {
        "amount": 296,
        "to": "Dorsey Gore",
        "from": "Marlyn Pulido",
        "tid": "e7321ba6-2f44-465b-a4a9-7ff9f298f61d"
    },
    {
        "amount": 302,
        "to": "Christian Tuggle",
        "from": "Alessandra Blackmon",
        "tid": "5f7c0e68-203e-4006-958a-d918808790fe"
    },
    {
        "amount": 432,
        "to": "Ozella Burkett",
        "from": "Louie Lovelace",
        "tid": "c753acf7-0960-4b9b-b293-73b8fd420fb3"
    },
    {
        "amount": 92,
        "to": "Charise Bradford",
        "from": "Alyson Pinkston",
        "tid": "d2f0ad42-e827-4290-a8a1-d3d380ff5ac3"
    },
    {
        "amount": 249,
        "to": "Charise Bradford",
        "from": "Gregory Nava",
        "tid": "1f45a0aa-38f9-4664-9050-c56fb87ad124"
    },
    {
        "amount": 285,
        "to": "Shaunte Foy",
        "from": "Lennie Haight",
        "tid": "52372fae-0e70-4e77-b611-ffc4e48cfaa9"
    },
    {
        "amount": 135,
        "to": "Valarie Hoy",
        "from": "Felecia Mckeown",
        "tid": "340e35db-e39a-4433-87b3-1bcf32d9a505"
    },
    {
        "amount": 231,
        "to": "Jerrie Breedlove",
        "from": "Heike Champagne",
        "tid": "07139eb2-2aa8-4d3f-a488-cc603cd70d3b"
    },
    {
        "amount": 128,
        "to": "Margurite Thorn",
        "from": "Farah Bateman",
        "tid": "d7acfed5-f2fb-4967-9af3-993f87a1d55b"
    },
    {
        "amount": 420,
        "to": "Mara Parris",
        "from": "Edris Corbitt",
        "tid": "2af53901-46b3-42e8-9378-643ae84806d9"
    },
    {
        "amount": 303,
        "to": "Felecia Mckeown",
        "from": "Roscoe Stamps",
        "tid": "2e45e0f4-1c38-4fc4-a41f-6c0d2be0fbd5"
    },
    {
        "amount": 478,
        "to": "Khalilah Stout",
        "from": "Roscoe Stamps",
        "tid": "a607948a-ee16-478d-8169-1fde4ab52cba"
    },
    {
        "amount": 473,
        "to": "Jason Mccallister",
        "from": "Brenna Woodall",
        "tid": "3e0e0404-87a7-48c4-bd2c-450602d2c2ec"
    },
    {
        "amount": 204,
        "to": "Brenna Woodall",
        "from": "Candis Lemus",
        "tid": "041aebe5-3dc8-450c-a9f2-705766b7734f"
    },
    {
        "amount": 320,
        "to": "Asha Walling",
        "from": "Khalilah Stout",
        "tid": "e95786ac-d0b0-4c71-8a70-b87c59487285"
    },
    {
        "amount": 298,
        "to": "Shanta Shafer",
        "from": "Hayden Weatherford",
        "tid": "c6a43081-cc2f-478d-9335-1447ac7cdf30"
    },
    {
        "amount": 343,
        "to": "Santos Maples",
        "from": "Angeline Keck",
        "tid": "1ed1fe72-63e2-4d6c-8c26-ee40587928f9"
    },
    {
        "amount": 341,
        "to": "Santos Maples",
        "from": "Sharice Bledsoe",
        "tid": "d115b9c4-30cd-43f3-91b1-72d1ebd7cf67"
    },
    {
        "amount": 213,
        "to": "Andre Cummins",
        "from": "Mollie Halverson",
        "tid": "1bfb9243-415d-4688-b969-69698e54b247"
    },
    {
        "amount": 23,
        "to": "Shaanan Cohney",
        "from": "Nannie Swisher",
        "tid": "c45f38bc-5055-4733-9d74-70b04c01e3f6"
    },
    {
        "amount": 182,
        "to": "Santos Maples",
        "from": "Valarie Hoy",
        "tid": "7ff627a3-2fd4-4b6c-8b56-e925ae443567"
    },
    {
        "amount": 442,
        "to": "Ellyn Furr",
        "from": "Kia Burkholder",
        "tid": "17db62df-6250-4239-bdff-bfb647dc06e0"
    },
    {
        "amount": 245,
        "to": "Ozella Burkett",
        "from": "Leia Klinger",
        "tid": "af329845-0363-4137-b49a-6bf96ca11ae5"
    },
    {
        "amount": 201,
        "to": "JC Casas",
        "from": "Brenna Woodall",
        "tid": "95fe7a7b-9199-4ed3-a4b9-816d7899f65b"
    },
    {
        "amount": 178,
        "to": "Doreatha Folse",
        "from": "Donald Sanford",
        "tid": "1612651a-3ea6-4f2a-917e-90e4f1c6f2aa"
    },
    {
        "amount": 292,
        "to": "Angelika Batson",
        "from": "Brenna Woodall",
        "tid": "bbbb17d8-d996-4833-8839-2e477d55ffdd"
    },
    {
        "amount": 252,
        "to": "Jeanetta Hoyt",
        "from": "Mollie Halverson",
        "tid": "ff790702-a78c-42b6-9daf-1e019ffd202f"
    },
    {
        "amount": 396,
        "to": "Domenica Gable",
        "from": "Elana Holden",
        "tid": "5080fb69-8381-4e64-b178-90ad18c261c0"
    },
    {
        "amount": 353,
        "to": "Shanta Shafer",
        "from": "Christian Tuggle",
        "tid": "5ccc922b-b9f6-4325-92ab-6569bbc3c97b"
    },
    {
        "amount": 488,
        "to": "Jerrie Breedlove",
        "from": "Bettye Wooten",
        "tid": "6a2cd693-376f-4d41-bbf7-f6d8c22174b4"
    },
    {
        "amount": 292,
        "to": "Daria Hawk",
        "from": "Ileana Broughton",
        "tid": "9bd905e0-dc82-4349-bef4-adda2ea32a65"
    },
    {
        "amount": 93,
        "to": "Colette Pickering",
        "from": "Robby Laughlin",
        "tid": "056b2cbe-fbd2-4a1d-bdf2-0b3e8a946508"
    },
    {
        "amount": 425,
        "to": "Matilda Albright",
        "from": "Jeanetta Hoyt",
        "tid": "a2c15b5a-81c6-4afa-a69f-2ee9e1721fc2"
    },
    {
        "amount": 120,
        "to": "Gregory Nava",
        "from": "Alysha Place",
        "tid": "00a6b4fd-cd3d-4cff-82bd-2dd420f9b238"
    },
    {
        "amount": 39,
        "to": "Teddy Cheng",
        "from": "Jason Mccallister",
        "tid": "9b641890-6a1a-462f-be74-58d529066ebb"
    },
    {
        "amount": 203,
        "to": "Lissette Epperson",
        "from": "Dulce Arnett",
        "tid": "ec3d51e5-f061-40fe-af57-bc7a3a58082a"
    },
    {
        "amount": 114,
        "to": "Virgen Herman",
        "from": "Ofelia Hamel",
        "tid": "9e846799-e3a9-4d96-8748-1c26c44f4f4d"
    },
    {
        "amount": 390,
        "to": "Nannie Swisher",
        "from": "Marlyn Pulido",
        "tid": "bdf86d18-8217-4df7-a17c-3af3b2efad71"
    },
    {
        "amount": 153,
        "to": "Mollie Halverson",
        "from": "Felecia Mckeown",
        "tid": "41309f3d-30ee-4235-921a-2b4154234661"
    },
    {
        "amount": 154,
        "to": "Mollie Halverson",
        "from": "Candis Lemus",
        "tid": "8b7df2ae-6b80-4a1e-8c63-f4325d3e90b9"
    },
    {
        "amount": 406,
        "to": "Nannie Swisher",
        "from": "Nathanial Arce",
        "tid": "07b03e55-c5b6-4b9e-8e2e-5336de93408a"
    },
    {
        "amount": 483,
        "to": "Charise Bradford",
        "from": "Felecia Mckeown",
        "tid": "aceddf6d-2301-40fa-b1d5-486d954ebda8"
    },
    {
        "amount": 228,
        "to": "Bettye Wooten",
        "from": "Dia Monson",
        "tid": "e7ef4fe0-b119-4983-a996-46783d0a123c"
    },
    {
        "amount": 129,
        "to": "Altha Redden",
        "from": "Newton Burks",
        "tid": "90ab63d8-bddf-485b-92bc-600fff3dbe11"
    },
    {
        "amount": 389,
        "to": "Nathanial Arce",
        "from": "Nathanial Arce",
        "tid": "2229bd4c-3e8d-42e1-bebb-587510987ff9"
    },
    {
        "amount": 301,
        "to": "Charise Bradford",
        "from": "Shanta Shafer",
        "tid": "a057a615-ebb1-4ab8-a13d-19a41d38cfc1"
    },
    {
        "amount": 240,
        "to": "Allen Delagarza",
        "from": "Aisha Craft",
        "tid": "16c111a2-9cca-444d-adea-d57d4e797fa8"
    },
    {
        "amount": 137,
        "to": "Khalilah Stout",
        "from": "Maurice Comer",
        "tid": "5951b7d9-aa33-490f-8d26-337475dadf01"
    },
    {
        "amount": 508,
        "to": "Leia Klinger",
        "from": "Alyson Pinkston",
        "tid": "868beded-0833-41ca-b7a9-9bb019bd4c3c"
    },
    {
        "amount": 202,
        "to": "Ngan Bratcher",
        "from": "Kia Burkholder",
        "tid": "d0f556ca-a9e1-4369-9f82-ef73611bb794"
    },
    {
        "amount": 230,
        "to": "Torie Martino",
        "from": "Allen Delagarza",
        "tid": "8201b900-9b12-47ca-a9ab-280e8d32bd2b"
    },
    {
        "amount": 362,
        "to": "Shaanan Cohney",
        "from": "Dulce Arnett",
        "tid": "d776eebc-fefd-4b7c-b46f-5095e8415295"
    },
    {
        "amount": 512,
        "to": "Felipa Sallee",
        "from": "Mara Parris",
        "tid": "9569f896-c481-4005-81a3-03f793374899"
    },
    {
        "amount": 295,
        "to": "Bettye Wooten",
        "from": "Margeret Scully",
        "tid": "da72aed7-15ed-428e-9bdf-82e1ea99256d"
    },
    {
        "amount": 1252,
        "to": "Shaanan Cohney",
        "from": "Jeanetta Hoyt",
        "tid": "2cc5712d-0609-48b2-ba05-f617a850a5a4"
    },
    {
        "amount": 356,
        "to": "Shaunte Foy",
        "from": "Lissette Epperson",
        "tid": "34b0d293-b40f-42f5-9aaa-6051bece25d0"
    },
    {
        "amount": 188,
        "to": "Ngan Bratcher",
        "from": "Ozella Burkett",
        "tid": "1e603e15-9e5c-4bf6-8ac7-273a414074ff"
    },
    {
        "amount": 441,
        "to": "Margurite Thorn",
        "from": "Jerrie Breedlove",
        "tid": "5740b841-2785-4f56-be3b-3572babaed1a"
    },
    {
        "amount": 121,
        "to": "Khalilah Stout",
        "from": "Luann Elston",
        "tid": "ec12b1f5-ff60-4168-b894-225cdbfe2913"
    },
    {
        "amount": 119,
        "to": "Caprice Burnett",
        "from": "Alvera Barrera",
        "tid": "5c4419e0-397e-416f-9b70-66d6a06878fe"
    },
    {
        "amount": 124,
        "to": "Ozella Burkett",
        "from": "Candis Lemus",
        "tid": "9041f057-e7ad-450e-b7ff-b7abd4c7c625"
    },
    {
        "amount": 253,
        "to": "Jason Mccallister",
        "from": "Charise Bradford",
        "tid": "4e70fcce-7762-4ff2-88ca-3e38d249fda8"
    },
    {
        "amount": 278,
        "to": "Sharice Bledsoe",
        "from": "Newton Burks",
        "tid": "3cfd1be0-373f-4725-95be-feb3dfb91e0d"
    },
    {
        "amount": 494,
        "to": "Nathanial Arce",
        "from": "Suellen Boatwright",
        "tid": "69f6dcc7-cdf3-41bf-a6ae-9ab976d9967e"
    },
    {
        "amount": 392,
        "to": "Jason Mccallister",
        "from": "Alvera Barrera",
        "tid": "514ed41b-e7f5-45f1-bec0-2061545e6887"
    },
    {
        "amount": 267,
        "to": "Aisha Craft",
        "from": "Donald Sanford",
        "tid": "ea205ab2-7961-462a-868f-cbf20652f02d"
    },
    {
        "amount": 315,
        "to": "Shanta Shafer",
        "from": "Hayden Weatherford",
        "tid": "c41696ea-cb15-462b-bd1a-9d93016a46bc"
    },
    {
        "amount": 452,
        "to": "Ellyn Furr",
        "from": "Matilda Albright",
        "tid": "8bb6c1d2-93b3-4d7c-a0c8-bcb95ddc2936"
    },
    {
        "amount": 184,
        "to": "Christian Tuggle",
        "from": "Virgen Herman",
        "tid": "0b674918-f97b-44aa-818f-d57130b6b125"
    },
    {
        "amount": 155,
        "to": "Genaro Goins",
        "from": "Ignacia Baugh",
        "tid": "4638db8d-19d4-4a75-8e16-3527f5de3ee8"
    },
    {
        "amount": 247,
        "to": "Deon Lima",
        "from": "Maurice Comer",
        "tid": "c0bb73b0-0ca5-4dc7-bc52-11497a503e51"
    },
    {
        "amount": 63,
        "to": "Louie Lovelace",
        "from": "Matilda Albright",
        "tid": "5e910b13-537c-47ef-a4a9-c46d3fe0d7ff"
    },
    {
        "amount": 302,
        "to": "Lucie Yazzie",
        "from": "Marlyn Pulido",
        "tid": "da284a03-94db-46f1-b2b3-7e9fb9fc9901"
    },
    {
        "amount": 379,
        "to": "Alessandra Blackmon",
        "from": "Nannie Swisher",
        "tid": "e97077cd-b3a7-4357-b18c-5e9cdc94a3e1"
    },
    {
        "amount": 212,
        "to": "Jennefer Eggleston",
        "from": "Doreatha Folse",
        "tid": "d1eeaf12-eda6-4b3a-b29b-d0d3253cf8af"
    },
    {
        "amount": 153,
        "to": "Floretta Lawless",
        "from": "Carline Epstein",
        "tid": "6bc1fe22-58d3-499f-b560-af287f65995c"
    },
    {
        "amount": 436,
        "to": "Alyson Pinkston",
        "from": "Lennie Haight",
        "tid": "fc9e5377-55e6-485e-ad35-e0dda6d9bf32"
    },
    {
        "amount": 357,
        "to": "Dorsey Gore",
        "from": "August Jewell",
        "tid": "efff03a0-cda8-440d-9f19-abc01996dabc"
    },
    {
        "amount": 225,
        "to": "Charise Bradford",
        "from": "Lissette Epperson",
        "tid": "b4e8955a-9184-4050-b39b-417cd359d233"
    },
    {
        "amount": 180,
        "to": "Maurice Comer",
        "from": "Dona Link",
        "tid": "5d5cb8d4-0197-4e27-b1ec-29399ed06ca5"
    },
    {
        "amount": 264,
        "to": "Santos Maples",
        "from": "Ellyn Furr",
        "tid": "21b93a6e-7c5f-4eb9-9343-299b0427099e"
    },
    {
        "amount": 142,
        "to": "August Jewell",
        "from": "Kendrick Mcfarland",
        "tid": "d8fced1d-44b4-4e73-ad07-3471c0204d96"
    },
    {
        "amount": 222,
        "to": "Ngan Bratcher",
        "from": "Alvera Barrera",
        "tid": "901832f7-fc17-4193-b38c-9188ee7e3295"
    },
    {
        "amount": 147,
        "to": "Santo Sutherland",
        "from": "Bettye Wooten",
        "tid": "830d6442-b15b-4596-a7ec-7000652c7981"
    },
    {
        "amount": 296,
        "to": "Shaanan Cohney",
        "from": "Jerrie Breedlove",
        "tid": "3f7bce72-49bb-4c01-a0b1-ae2af7c8ae76"
    },
    {
        "amount": 380,
        "to": "Aisha Craft",
        "from": "Alysha Place",
        "tid": "a6027a06-7796-48f2-849b-9477bb3e1ffb"
    },
    {
        "amount": 409,
        "to": "Alvera Barrera",
        "from": "Mollie Halverson",
        "tid": "b7d5b942-64c8-4bf6-b81b-58c8466840c0"
    },
    {
        "amount": 245,
        "to": "Floretta Lawless",
        "from": "Shanta Shafer",
        "tid": "72faf10a-427a-42d2-a866-b610ea049252"
    },
    {
        "amount": 263,
        "to": "Shaanan Cohney",
        "from": "Alessandra Blackmon",
        "tid": "cb8395ac-f998-4e92-b292-084bfaa7a667"
    },
    {
        "amount": 245,
        "to": "Teodoro Gold",
        "from": "Felecia Mckeown",
        "tid": "aaa9b989-6416-4406-bcdb-4e351b29b8e2"
    },
    {
        "amount": 362,
        "to": "Dulce Arnett",
        "from": "Kia Burkholder",
        "tid": "1e94a945-1475-46e3-94f0-31afd587425c"
    },
    {
        "amount": 439,
        "to": "Santos Maples",
        "from": "Shanti Hanley",
        "tid": "896abbd6-7a24-4c87-85f3-510430d4c804"
    },
    {
        "amount": 356,
        "to": "Candis Lemus",
        "from": "Felipa Sallee",
        "tid": "98e65fd2-913a-4373-9e12-5cb1ed117211"
    },
    {
        "amount": 400,
        "to": "Shaanan Cohney",
        "from": "Ozella Burkett",
        "tid": "58182389-88c0-4650-890a-b62b5261181b"
    },
    {
        "amount": 252,
        "to": "Caprice Burnett",
        "from": "Khalilah Stout",
        "tid": "a441b673-8f1c-4608-b94f-ea6c6386fbb3"
    },
    {
        "amount": 475,
        "to": "Faustina Wolford",
        "from": "Mara Parris",
        "tid": "b5472e88-f342-431c-910d-618f467d692c"
    },
    {
        "amount": 370,
        "to": "Jeanetta Hoyt",
        "from": "Daria Hawk",
        "tid": "e0aa8ba2-bae7-4639-ad18-bd39a31e99d5"
    },
    {
        "amount": 476,
        "to": "Felecia Mckeown",
        "from": "Shanti Hanley",
        "tid": "1ac09664-ccb1-483a-840c-a7329da01a0e"
    },
    {
        "amount": 197,
        "to": "Joanie Cramer",
        "from": "Domenica Gable",
        "tid": "2599f341-1d45-4f0e-acce-9afaf8fe8232"
    },
    {
        "amount": 368,
        "to": "Lennie Haight",
        "from": "August Jewell",
        "tid": "293863bf-a7a0-4ea6-aee6-028d901f3a23"
    },
    {
        "amount": 122,
        "to": "Jeanetta Hoyt",
        "from": "Jennefer Eggleston",
        "tid": "9d1a3713-b8b0-4955-a6c1-36a1dfe3e27a"
    },
    {
        "amount": 463,
        "to": "Deon Lima",
        "from": "Sharice Bledsoe",
        "tid": "cac7c08d-b390-4bc8-8cf6-a3e377e8fd45"
    },
    {
        "amount": 166,
        "to": "Alyson Pinkston",
        "from": "Alvera Barrera",
        "tid": "0b439017-0979-4a88-aa2f-b2d8d4583d22"
    },
    {
        "amount": 14,
        "to": "Dona Link",
        "from": "Teodoro Gold",
        "tid": "ae00bcec-8f92-46eb-b3ee-e5c00d0acef4"
    },
    {
        "amount": 117,
        "to": "Teodoro Gold",
        "from": "Blondell See",
        "tid": "147d9024-3ba4-40d4-9cdb-a8a616559028"
    },
    {
        "amount": 473,
        "to": "Santo Sutherland",
        "from": "Margeret Scully",
        "tid": "e4bf0238-0310-482f-887b-d9dc36586982"
    },
    {
        "amount": 96,
        "to": "Dia Monson",
        "from": "Elana Holden",
        "tid": "1ff19026-dd2d-412f-bb3c-00b8ea8c1a78"
    },
    {
        "amount": 392,
        "to": "Farah Bateman",
        "from": "Ofelia Hamel",
        "tid": "20056a9e-0f69-4364-9e00-1f81f9a13d3e"
    },
    {
        "amount": 245,
        "to": "Ozella Burkett",
        "from": "Elana Holden",
        "tid": "fc41ff06-7a63-4c5c-a567-0474371c3d3b"
    },
    {
        "amount": 261,
        "to": "Bettye Wooten",
        "from": "Edris Corbitt",
        "tid": "7b1b721b-8049-4fab-8a27-7c1773a42e1a"
    },
    {
        "amount": 341,
        "to": "Jerrie Breedlove",
        "from": "Aisha Craft",
        "tid": "d9c1cee6-c0f8-4cdd-9f48-26699201cc86"
    },
    {
        "amount": 379,
        "to": "Kendrick Mcfarland",
        "from": "Charise Bradford",
        "tid": "d6101539-2ef8-4ae7-a11d-5da1439418f5"
    },
    {
        "amount": 130,
        "to": "Dorsey Gore",
        "from": "Edris Corbitt",
        "tid": "7c3045c8-58b3-4e24-8b6c-638739483389"
    },
    {
        "amount": 373,
        "to": "Brenna Woodall",
        "from": "Felecia Mckeown",
        "tid": "a0e4f6ed-c292-449d-9e69-35d6a4192e48"
    },
    {
        "amount": 361,
        "to": "Ngan Bratcher",
        "from": "Alysha Place",
        "tid": "cf1639d9-ed44-475a-9242-96d2efa28529"
    },
    {
        "amount": 296,
        "to": "Jerrie Breedlove",
        "from": "Alvera Barrera",
        "tid": "d6fd7b95-89b7-41f6-bd94-a6df3bf7a03d"
    },
    {
        "amount": 179,
        "to": "Khalilah Stout",
        "from": "Charise Bradford",
        "tid": "10c0c88f-e3ca-4a36-be79-ac81dd3dbdcf"
    },
    {
        "amount": 107,
        "to": "Farah Bateman",
        "from": "Una Nobles",
        "tid": "63f7ea0b-5b7d-4b4c-bdc4-8b57f7582be9"
    },
    {
        "amount": 159,
        "to": "Margurite Thorn",
        "from": "Jeanetta Hoyt",
        "tid": "84f3ba1f-1fbb-4ef8-b308-d07c529f1732"
    },
    {
        "amount": 20,
        "to": "Bettye Wooten",
        "from": "Virgen Herman",
        "tid": "f82f5ac9-f50a-4db0-9ae6-e33bcc8d1611"
    },
    {
        "amount": 185,
        "to": "Margurite Thorn",
        "from": "Dorsey Gore",
        "tid": "cb88d942-6391-467f-b992-56ebdd35e143"
    },
    {
        "amount": 178,
        "to": "Jule Booker",
        "from": "Janene Fong",
        "tid": "89585daf-9d48-434d-bdbe-8c5e73080800"
    },
    {
        "amount": 40,
        "to": "August Jewell",
        "from": "Ngan Bratcher",
        "tid": "42be9452-c246-41c6-b0ee-4b0660f7388a"
    },
    {
        "amount": 272,
        "to": "Jeanetta Hoyt",
        "from": "Felecia Mckeown",
        "tid": "be5a997a-8f51-4127-b4df-763abbb02ae7"
    },
    {
        "amount": 236,
        "to": "Roscoe Stamps",
        "from": "Alyson Pinkston",
        "tid": "2d26b3e0-9bd3-46f1-9ae1-3576ed3f5db8"
    },
    {
        "amount": 197,
        "to": "Louie Lovelace",
        "from": "Jami Kuntz",
        "tid": "4a0cee58-4c63-49ad-913e-2812818e6c94"
    },
    {
        "amount": 430,
        "to": "Kassie Hazel",
        "from": "Jeraldine Williford",
        "tid": "bac7e57b-ac2a-4870-88e0-d30f2b9fb785"
    },
    {
        "amount": 448,
        "to": "Domenica Gable",
        "from": "Domenica Gable",
        "tid": "a802f0d9-b627-44f4-b644-400d9b503ded"
    },
    {
        "amount": 74,
        "to": "Shaanan Cohney",
        "from": "Ileana Broughton",
        "tid": "0bcc4f20-0a82-4c2b-afe8-4bf943f168b8"
    },
    {
        "amount": 69,
        "to": "August Jewell",
        "from": "Angeline Keck",
        "tid": "28f06e76-baf0-4a14-b982-c26b2b857ade"
    },
    {
        "amount": 252,
        "to": "Charlyn Keefer",
        "from": "Carline Epstein",
        "tid": "978d7b67-759e-4772-adf3-98b85d1c7165"
    },
    {
        "amount": 237,
        "to": "Jami Kuntz",
        "from": "Angelika Batson",
        "tid": "b972ac5e-b0ae-468a-b629-209998a77bf6"
    },
    {
        "amount": 175,
        "to": "Shaanan Cohney",
        "from": "Charlyn Keefer",
        "tid": "2baa7298-a085-4428-9010-4b2195c09fc3"
    },
    {
        "amount": 462,
        "to": "Gregory Nava",
        "from": "Kendrick Mcfarland",
        "tid": "333acb95-ca3b-4c1e-80ba-d1233ed67d00"
    },
    {
        "amount": 329,
        "to": "Felecia Mckeown",
        "from": "Daria Hawk",
        "tid": "e6d0b636-d134-411f-a869-c112e2b8ad0c"
    },
    {
        "amount": 252,
        "to": "Jeraldine Williford",
        "from": "Margurite Thorn",
        "tid": "81280411-8da2-470f-896d-ee9c5b135646"
    },
    {
        "amount": 474,
        "to": "Gregory Nava",
        "from": "Teddy Cheng",
        "tid": "1deccfc6-57c6-4a6b-bb75-0f8776c9705c"
    },
    {
        "amount": 115,
        "to": "Kassie Hazel",
        "from": "Luann Elston",
        "tid": "b4b93014-020e-446f-89b1-26b70b607bbd"
    },
    {
        "amount": 247,
        "to": "Maurice Comer",
        "from": "Charise Bradford",
        "tid": "074ef346-72c3-4a73-aa71-361d64708654"
    },
    {
        "amount": 480,
        "to": "Andre Cummins",
        "from": "Nathanial Arce",
        "tid": "09c0a903-3be4-417c-95be-97f4e27d9fe5"
    },
    {
        "amount": 28,
        "to": "Leia Klinger",
        "from": "Margeret Scully",
        "tid": "54091dc2-a749-443f-bf66-a78b2f363512"
    },
    {
        "amount": 235,
        "to": "Una Nobles",
        "from": "Jami Kuntz",
        "tid": "52821ffd-b587-4411-80e6-ec45f24fbae0"
    },
    {
        "amount": 511,
        "to": "Kassie Hazel",
        "from": "Angeline Keck",
        "tid": "9fbf4bc6-4014-400b-ba3d-5f863abcfd87"
    },
    {
        "amount": 171,
        "to": "Colette Pickering",
        "from": "Colette Pickering",
        "tid": "74898b88-c04e-47c4-85ec-5876744b0929"
    },
    {
        "amount": 333,
        "to": "Shanta Shafer",
        "from": "Jeanetta Hoyt",
        "tid": "33b4c0d3-f77d-4e9a-910b-951ccedf4698"
    },
    {
        "amount": 301,
        "to": "Jennefer Eggleston",
        "from": "Robby Laughlin",
        "tid": "16fdc266-049b-4abd-b938-f7054638eddb"
    },
    {
        "amount": 414,
        "to": "Blondell See",
        "from": "Margurite Thorn",
        "tid": "b98bddf2-f769-413c-b5e6-5aa6ae86ded6"
    },
    {
        "amount": 342,
        "to": "Jami Kuntz",
        "from": "Colette Pickering",
        "tid": "24e8faa3-b691-47fc-8740-93459e760de9"
    },
    {
        "amount": 407,
        "to": "Candis Lemus",
        "from": "Mollie Halverson",
        "tid": "4a2d0c77-dd6b-4e6d-b55e-0f56bc906473"
    },
    {
        "amount": 320,
        "to": "Deon Lima",
        "from": "Kassie Hazel",
        "tid": "29ef03b1-c730-44ef-a3d5-0be96c9bcce5"
    },
    {
        "amount": 25,
        "to": "Angeline Keck",
        "from": "Altha Redden",
        "tid": "83056c1b-4a7e-443a-bd92-46f5de42d214"
    },
    {
        "amount": 257,
        "to": "Valarie Hoy",
        "from": "Ellyn Furr",
        "tid": "d6b43e2a-9145-40af-a85a-943afbe026f4"
    },
    {
        "amount": 93,
        "to": "Sharice Bledsoe",
        "from": "Allen Delagarza",
        "tid": "6c97d71d-d406-4ab2-a22f-bff530b82bee"
    },
    {
        "amount": 224,
        "to": "Cherie Mccool",
        "from": "Margurite Thorn",
        "tid": "52d7553d-466d-47f1-b1bc-5abff25f8cdf"
    },
    {
        "amount": 107,
        "to": "Shaanan Cohney",
        "from": "Lucie Yazzie",
        "tid": "81656cb1-ecc2-4901-ab65-d19e59324c08"
    },
    {
        "amount": 360,
        "to": "Bettye Wooten",
        "from": "JC Casas",
        "tid": "45db2fca-8a65-4539-b194-81ab5c539be9"
    },
    {
        "amount": 184,
        "to": "Altha Redden",
        "from": "Christian Tuggle",
        "tid": "be178619-cb68-42d6-86dd-8483225d2bf2"
    },
    {
        "amount": 351,
        "to": "Lennie Haight",
        "from": "Joanie Cramer",
        "tid": "61ce81a1-cbde-45bf-a95b-a7c09177baf0"
    },
    {
        "amount": 351,
        "to": "Christian Tuggle",
        "from": "Allen Delagarza",
        "tid": "9439c223-ffb3-4c0e-aa62-60f1a7b6386d"
    },
    {
        "amount": 434,
        "to": "Deon Lima",
        "from": "Bettye Wooten",
        "tid": "00e58754-be18-4b01-9b87-424d577bc7a5"
    },
    {
        "amount": 14,
        "to": "Shaanan Cohney",
        "from": "Virgen Herman",
        "tid": "4abcd4c8-ed57-4243-a74b-4cfe6a8743b2"
    },
    {
        "amount": 462,
        "to": "Bettye Wooten",
        "from": "Angelika Batson",
        "tid": "6a9869bc-2659-4bac-81a9-8145e1205ff6"
    },
    {
        "amount": 155,
        "to": "Dorsey Gore",
        "from": "Ericka Beverly",
        "tid": "5f5dd3de-7a6a-47ca-9574-4bdef6a45be0"
    },
    {
        "amount": 315,
        "to": "Janene Fong",
        "from": "Virgen Herman",
        "tid": "f3e7bd6f-b061-4ac3-9c84-4063e3fa43b6"
    },
    {
        "amount": 490,
        "to": "Suellen Boatwright",
        "from": "Dona Link",
        "tid": "6a7fa5f7-fd81-4099-98a7-6623dd84820d"
    },
    {
        "amount": 190,
        "to": "Ericka Beverly",
        "from": "Colette Pickering",
        "tid": "2b7f02e1-817a-470f-8c43-ddbc291229c1"
    },
    {
        "amount": 166,
        "to": "Marlyn Pulido",
        "from": "Nathanial Arce",
        "tid": "e88ecf48-1155-45a6-8d60-6863ea063487"
    },
    {
        "amount": 60,
        "to": "Aisha Craft",
        "from": "Felipa Sallee",
        "tid": "c3293dcc-52e5-473c-9041-70d66d3fe213"
    },
    {
        "amount": 135,
        "to": "Andre Cummins",
        "from": "Asha Walling",
        "tid": "b66f8fac-b032-4709-9e81-631f7f990450"
    },
    {
        "amount": 361,
        "to": "Newton Burks",
        "from": "Khalilah Stout",
        "tid": "00a81989-e748-4587-bd01-a0f8e175aaa9"
    },
    {
        "amount": 318,
        "to": "Ignacia Baugh",
        "from": "Ericka Beverly",
        "tid": "af9a7a92-d536-40b2-ae1f-d487d162fc4f"
    },
    {
        "amount": 98,
        "to": "Suellen Boatwright",
        "from": "Angelika Batson",
        "tid": "c3ede89c-41a6-4a7a-8da4-ba9254510847"
    },
    {
        "amount": 229,
        "to": "Jami Kuntz",
        "from": "Matilda Albright",
        "tid": "b5ce43d1-a0b9-4cd8-8a02-c6f2acddd0bf"
    },
    {
        "amount": 16,
        "to": "Shaanan Cohney",
        "from": "Sharice Bledsoe",
        "tid": "27f6edff-02b3-47e7-8701-03ae4683a46c"
    },
    {
        "amount": 463,
        "to": "Elise Carnes",
        "from": "Elise Carnes",
        "tid": "c1ab7903-fcc1-46a0-a88c-eac46ab5582a"
    },
    {
        "amount": 153,
        "to": "Shaanan Cohney",
        "from": "Santo Sutherland",
        "tid": "8130e2fc-cec9-4f63-9fb7-3166800885c9"
    },
    {
        "amount": 458,
        "to": "Heike Champagne",
        "from": "Asha Walling",
        "tid": "5b29cd09-6b78-4add-8833-2f2cee7f868b"
    },
    {
        "amount": 156,
        "to": "Elana Holden",
        "from": "Jule Booker",
        "tid": "8b681bd8-481c-4fe4-9894-b40180548b28"
    },
    {
        "amount": 433,
        "to": "Dulce Arnett",
        "from": "Valarie Hoy",
        "tid": "a9d1509d-ffff-4d77-b472-7934b21d718c"
    },
    {
        "amount": 219,
        "to": "Faustina Wolford",
        "from": "Angeline Keck",
        "tid": "8df969d8-c886-4d97-b0dd-bbda7ed3e509"
    },
    {
        "amount": 87,
        "to": "Bettye Wooten",
        "from": "Shanti Hanley",
        "tid": "e032d77e-1091-49df-9546-4b8d982c27f0"
    },
    {
        "amount": 121,
        "to": "Andre Cummins",
        "from": "Luann Elston",
        "tid": "5a346e4c-b20e-41d2-8439-fdac45ade2cb"
    },
    {
        "amount": 280,
        "to": "Blondell See",
        "from": "Allen Delagarza",
        "tid": "9a6318a3-f463-4111-a33e-b199f1eeddf9"
    },
    {
        "amount": 406,
        "to": "Ozella Burkett",
        "from": "Maurice Comer",
        "tid": "d3757f5c-a910-45b1-a201-3b2f10112079"
    },
    {
        "amount": 482,
        "to": "Tisa Greiner",
        "from": "Lennie Haight",
        "tid": "adc3781e-d0ae-46a4-accd-8cc79406c123"
    },
    {
        "amount": 117,
        "to": "Charlyn Keefer",
        "from": "Ngan Bratcher",
        "tid": "ad1cc998-255a-4124-abd2-0879e75d3182"
    },
    {
        "amount": 234,
        "to": "Shanti Hanley",
        "from": "Carline Epstein",
        "tid": "4235c971-99fe-4042-bf83-f0480f1f947c"
    },
    {
        "amount": 149,
        "to": "Shaanan Cohney",
        "from": "Marlyn Pulido",
        "tid": "45b9c594-6f9f-48fe-9708-cdf57aa033c3"
    },
    {
        "amount": 384,
        "to": "Alvera Barrera",
        "from": "Valarie Hoy",
        "tid": "5c8f108b-52a4-42a2-b43b-663681281921"
    },
    {
        "amount": 124,
        "to": "August Jewell",
        "from": "Deon Lima",
        "tid": "4a3723de-bbad-4c22-a91c-2aa294bd46d6"
    },
    {
        "amount": 29,
        "to": "Santo Sutherland",
        "from": "Carline Epstein",
        "tid": "ce7b3a30-6d23-440e-900a-955c065d9953"
    },
    {
        "amount": 277,
        "to": "Tisa Greiner",
        "from": "Mollie Halverson",
        "tid": "a03c2da6-32ca-413f-b830-2537dcdd0ebc"
    },
    {
        "amount": 276,
        "to": "Shaanan Cohney",
        "from": "Carline Epstein",
        "tid": "23f52e71-4efa-43ec-84c0-c9bb3e355c9a"
    },
    {
        "amount": 162,
        "to": "Bettye Wooten",
        "from": "Lissette Epperson",
        "tid": "057d6a16-5b48-424b-9d33-c1da9e4c2b1a"
    },
    {
        "amount": 379,
        "to": "Shaanan Cohney",
        "from": "Cherie Mccool",
        "tid": "23db198f-22c6-407c-baa9-1c6afffc3a5c"
    },
    {
        "amount": 204,
        "to": "Teodoro Gold",
        "from": "Newton Burks",
        "tid": "8c70bb20-c673-4777-be29-e72f725fd004"
    },
    {
        "amount": 149,
        "to": "Felipa Sallee",
        "from": "Newton Burks",
        "tid": "6e5e49f8-2c92-46c4-97cb-a88be1a2727d"
    },
    {
        "amount": 331,
        "to": "Heike Champagne",
        "from": "Jerrie Breedlove",
        "tid": "56cbfafc-f094-44ee-a577-7ebb4764401f"
    },
    {
        "amount": 360,
        "to": "Kendrick Mcfarland",
        "from": "Candis Lemus",
        "tid": "69532f3f-4dd4-4098-a1b2-c2b2b1b5ba91"
    },
    {
        "amount": 429,
        "to": "Lissette Epperson",
        "from": "Francie Duggan",
        "tid": "89923e40-adc4-4c8e-bd27-47350210958e"
    },
    {
        "amount": 23,
        "to": "Margeret Scully",
        "from": "Santo Sutherland",
        "tid": "988937a7-2449-4278-a3a9-034fa357f09b"
    },
    {
        "amount": 315,
        "to": "Marlyn Pulido",
        "from": "Felipa Sallee",
        "tid": "bf6dd055-2da3-43b7-b468-a9c5aabfefef"
    },
    {
        "amount": 185,
        "to": "JC Casas",
        "from": "Lennie Haight",
        "tid": "7474c9eb-8d42-4a81-ac8a-fb341c9fb884"
    },
    {
        "amount": 289,
        "to": "Una Nobles",
        "from": "Aisha Craft",
        "tid": "d7b4b039-8e11-4cb4-a534-40f99a9efbbb"
    },
    {
        "amount": 74,
        "to": "Shaanan Cohney",
        "from": "Dorsey Gore",
        "tid": "92adad57-d3ab-44e1-b0cb-1c1acb682028"
    },
    {
        "amount": 440,
        "to": "Jule Booker",
        "from": "Jeraldine Williford",
        "tid": "c535cffb-e7a3-4df8-9d8d-ae93e9e53904"
    },
    {
        "amount": 259,
        "to": "Colette Pickering",
        "from": "Dona Link",
        "tid": "6c8bf6e3-3bde-4f3e-b903-a8b1c06e3797"
    },
    {
        "amount": 180,
        "to": "Christian Tuggle",
        "from": "Dona Link",
        "tid": "a397648c-43f6-495e-97c0-b9d3ee63a2c7"
    },
    {
        "amount": 302,
        "to": "Shanta Shafer",
        "from": "Shaunte Foy",
        "tid": "9b6abc0f-f85f-4976-a4f9-deffec8e68b5"
    },
    {
        "amount": 232,
        "to": "Asha Walling",
        "from": "Deon Lima",
        "tid": "ec574cc9-b60f-4a30-a8ed-b0079f1a00b6"
    },
    {
        "amount": 160,
        "to": "Kassie Hazel",
        "from": "Edris Corbitt",
        "tid": "c255dc59-af2e-4c3c-bce1-fb953594f3f9"
    },
    {
        "amount": 122,
        "to": "Jerrie Breedlove",
        "from": "Dorsey Gore",
        "tid": "6eb6f2be-029a-47eb-884b-cf84469e61c1"
    },
    {
        "amount": 194,
        "to": "Heike Champagne",
        "from": "Alvera Barrera",
        "tid": "67926585-994b-4414-b39f-993d0db324eb"
    },
    {
        "amount": 273,
        "to": "Santo Sutherland",
        "from": "Aisha Craft",
        "tid": "7d3b2ecc-5444-43ab-a222-afc2fdf9abb0"
    },
    {
        "amount": 424,
        "to": "Alvera Barrera",
        "from": "Kendrick Mcfarland",
        "tid": "78dbb715-eb77-4db0-a0dd-8e2b1c954aba"
    },
    {
        "amount": 96,
        "to": "Ileana Broughton",
        "from": "Aisha Craft",
        "tid": "7b29fa91-1872-4181-9fb5-21e5c79c39de"
    },
    {
        "amount": 305,
        "to": "Carline Epstein",
        "from": "Francie Duggan",
        "tid": "be3ab544-2889-4b73-9737-f73f46f1d87b"
    },
    {
        "amount": 214,
        "to": "Dorsey Gore",
        "from": "Dulce Arnett",
        "tid": "53bdf3dc-058d-425a-a1d5-f46049ce70cf"
    },
    {
        "amount": 59,
        "to": "Blondell See",
        "from": "Lissette Epperson",
        "tid": "dcbff568-2a5b-491b-8759-a6ebde9b223b"
    },
    {
        "amount": 377,
        "to": "Shaunte Foy",
        "from": "Hayden Weatherford",
        "tid": "a49083ae-d989-4532-8b75-260ed126de7c"
    },
    {
        "amount": 364,
        "to": "Francie Duggan",
        "from": "Asha Walling",
        "tid": "09fbe11e-3202-48bf-984f-d531e1be3c46"
    },
    {
        "amount": 111,
        "to": "Tisa Greiner",
        "from": "Teddy Cheng",
        "tid": "d962096c-da18-44f0-b325-ab3df8ec4a18"
    },
    {
        "amount": 377,
        "to": "Elana Holden",
        "from": "Valarie Hoy",
        "tid": "43e44b76-22e3-4f76-94db-73f13023856b"
    },
    {
        "amount": 445,
        "to": "Suellen Boatwright",
        "from": "Shaunte Foy",
        "tid": "549a850a-859e-4a24-b919-fa8b1d16ca55"
    },
    {
        "amount": 459,
        "to": "Deon Lima",
        "from": "Nannie Swisher",
        "tid": "dbc3f5b5-7a34-4c85-9ec9-a4b3da61b94f"
    },
    {
        "amount": 95,
        "to": "Heike Champagne",
        "from": "Ignacia Baugh",
        "tid": "92a44203-efb8-4c09-95ef-b65bba5aeae8"
    },
    {
        "amount": 50,
        "to": "Elana Holden",
        "from": "Valarie Hoy",
        "tid": "b8980e1f-e726-44e2-bdc7-93e488d3c2d7"
    },
    {
        "amount": 61,
        "to": "Blondell See",
        "from": "Alyson Pinkston",
        "tid": "6142fee0-9552-4bea-815a-1ce92ff5aaeb"
    },
    {
        "amount": 471,
        "to": "Alessandra Blackmon",
        "from": "Ngan Bratcher",
        "tid": "226e1065-43ac-41c1-9a55-b9ed30b1606a"
    },
    {
        "amount": 225,
        "to": "Jeraldine Williford",
        "from": "Nathanial Arce",
        "tid": "1c7c36c6-9041-456b-9a64-a7cc89d7a3b5"
    },
    {
        "amount": 409,
        "to": "Margurite Thorn",
        "from": "Lissette Epperson",
        "tid": "35b6e576-7063-4d0a-a7ef-4bf4005a7394"
    },
    {
        "amount": 415,
        "to": "Roscoe Stamps",
        "from": "Bettye Wooten",
        "tid": "cba88e94-fd9f-479a-88f6-5d83d8bf6de4"
    },
    {
        "amount": 248,
        "to": "Caprice Burnett",
        "from": "Alvera Barrera",
        "tid": "f4d13173-752d-49f6-a15a-a2bb0ed1160b"
    },
    {
        "amount": 663,
        "to": "Shaanan Cohney",
        "from": "Bettye Wooten",
        "tid": "4fa89659-ff12-45b7-a45c-85a418e3171f"
    },
    {
        "amount": 116,
        "to": "Bettye Wooten",
        "from": "Jennefer Eggleston",
        "tid": "ca64691f-df6e-44b9-bdad-15f9df15268d"
    },
    {
        "amount": 354,
        "to": "Altha Redden",
        "from": "Dorsey Gore",
        "tid": "ed0c3409-0b73-417a-8583-e48b85e2c2d8"
    },
    {
        "amount": 28,
        "to": "Faustina Wolford",
        "from": "Leia Klinger",
        "tid": "79ede0a9-01da-4f37-acb1-7ef3af5655ce"
    },
    {
        "amount": 340,
        "to": "Jami Kuntz",
        "from": "Jerrie Breedlove",
        "tid": "2364b5fb-076a-492b-be6c-25b345e3cf00"
    },
    {
        "amount": 378,
        "to": "Francie Duggan",
        "from": "Domenica Gable",
        "tid": "5b111b66-e686-43d5-8a73-42c7582936e7"
    },
    {
        "amount": 154,
        "to": "Bettye Wooten",
        "from": "Bettye Wooten",
        "tid": "eb9646b8-5cb5-41a7-9b44-04b708faa24e"
    },
    {
        "amount": 271,
        "to": "Charise Bradford",
        "from": "Heike Champagne",
        "tid": "439fff85-c1cc-445b-88ff-fabcce76159a"
    },
    {
        "amount": 350,
        "to": "Ileana Broughton",
        "from": "Alvera Barrera",
        "tid": "1a74ba54-8558-42b7-b4f8-a4f47422d061"
    },
    {
        "amount": 199,
        "to": "Luann Elston",
        "from": "Deon Lima",
        "tid": "f29528a0-44e4-438a-adee-1cef9859bf02"
    },
    {
        "amount": 497,
        "to": "Daria Hawk",
        "from": "Teddy Cheng",
        "tid": "ad02b1e0-1774-4e46-84bb-66debf928541"
    },
    {
        "amount": 324,
        "to": "Jami Kuntz",
        "from": "Una Nobles",
        "tid": "b4aeee88-b07c-4902-bf0d-8901ae7ca4e6"
    },
    {
        "amount": 224,
        "to": "Angelika Batson",
        "from": "Ngan Bratcher",
        "tid": "7cd86381-d4f3-465a-a4a7-4a708bcd4aed"
    },
    {
        "amount": 179,
        "to": "Shaunte Foy",
        "from": "August Jewell",
        "tid": "7aca715c-6c78-4acb-a630-52ab0856a227"
    },
    {
        "amount": 310,
        "to": "Santos Maples",
        "from": "Johnson Humphrey",
        "tid": "622e449d-5fb4-44e0-a044-257d9161824a"
    },
    {
        "amount": 449,
        "to": "Virgen Herman",
        "from": "Dorsey Gore",
        "tid": "109ef1fa-72ed-4a98-a901-2b4bebcff015"
    },
    {
        "amount": 340,
        "to": "Felecia Mckeown",
        "from": "Matilda Albright",
        "tid": "4c622220-7a57-423b-9f72-8a3fadbfa121"
    },
    {
        "amount": 269,
        "to": "Ofelia Hamel",
        "from": "Alyson Pinkston",
        "tid": "76f119d6-f866-462e-b302-dee3366188db"
    },
    {
        "amount": 352,
        "to": "Andre Cummins",
        "from": "Ignacia Baugh",
        "tid": "e24d16e0-df1b-48c1-bb1e-ce75161158fa"
    },
    {
        "amount": 505,
        "to": "Janene Fong",
        "from": "Suellen Boatwright",
        "tid": "c768c402-c188-4213-887f-23fd2537a07f"
    },
    {
        "amount": 173,
        "to": "Jule Booker",
        "from": "Aisha Craft",
        "tid": "5330265c-86cb-462b-94dc-32500998130e"
    },
    {
        "amount": 353,
        "to": "Cherie Mccool",
        "from": "Ellyn Furr",
        "tid": "5db48b56-bdb3-4d12-b107-64e7177d00f9"
    },
    {
        "amount": 69,
        "to": "Shaanan Cohney",
        "from": "Lennie Haight",
        "tid": "6904795e-c589-4c97-9af4-f90b7329da26"
    },
    {
        "amount": 148,
        "to": "Hayden Weatherford",
        "from": "Lennie Haight",
        "tid": "e9e7ef23-6a2f-488d-a936-a86491672432"
    },
    {
        "amount": 476,
        "to": "Andre Cummins",
        "from": "Lissette Epperson",
        "tid": "7e0248fd-bd7b-492a-99ad-1245509f68a3"
    },
    {
        "amount": 179,
        "to": "Sharice Bledsoe",
        "from": "Carline Epstein",
        "tid": "83238432-e183-4ee2-9ceb-c17c3af3d6af"
    },
    {
        "amount": 243,
        "to": "Caprice Burnett",
        "from": "Lissette Epperson",
        "tid": "2d391fa3-12b7-46e4-8c6a-bd8a13cf4c3f"
    },
    {
        "amount": 251,
        "to": "Carline Epstein",
        "from": "Kendrick Mcfarland",
        "tid": "4fec80f6-252c-4fa4-a756-65a24dc45b20"
    },
    {
        "amount": 426,
        "to": "Aisha Craft",
        "from": "Robby Laughlin",
        "tid": "35ed194f-fdcb-4b30-99d8-eebd3de79f34"
    },
    {
        "amount": 558,
        "to": "Shaanan Cohney",
        "from": "Andre Cummins",
        "tid": "adb7c21d-7430-44ee-8edf-dc8d08ebf79b"
    },
    {
        "amount": 131,
        "to": "Nannie Swisher",
        "from": "Una Nobles",
        "tid": "f405af3f-e38a-4961-a2f0-ae54204199bd"
    },
    {
        "amount": 189,
        "to": "Jeraldine Williford",
        "from": "Carline Epstein",
        "tid": "a804b859-03fe-4486-9408-35c18a9893a6"
    },
    {
        "amount": 162,
        "to": "Alyson Pinkston",
        "from": "Dulce Arnett",
        "tid": "73a0147e-915b-4331-b70b-c86f8e83f2ba"
    },
    {
        "amount": 55,
        "to": "Lennie Haight",
        "from": "Ignacia Baugh",
        "tid": "afd46d94-fc3c-4148-950f-19190b89520a"
    },
    {
        "amount": 343,
        "to": "Virgen Herman",
        "from": "Nathanial Arce",
        "tid": "9f491242-97f9-40e4-885d-5cbdd11444c1"
    },
    {
        "amount": 127,
        "to": "Sharice Bledsoe",
        "from": "Jeraldine Williford",
        "tid": "1d5ee014-c18a-4962-8788-4d0b6092488f"
    },
    {
        "amount": 115,
        "to": "Gregory Nava",
        "from": "Newton Burks",
        "tid": "741f70c3-e644-469d-a5a1-d40aebc04243"
    },
    {
        "amount": 123,
        "to": "Alvera Barrera",
        "from": "Mollie Halverson",
        "tid": "4cec241d-b704-4dfa-84b3-823dc46045cc"
    },
    {
        "amount": 320,
        "to": "Joanie Cramer",
        "from": "Andre Cummins",
        "tid": "33ded35d-c1be-40fb-bef8-2f31192a08c1"
    },
    {
        "amount": 345,
        "to": "Maurice Comer",
        "from": "Alvera Barrera",
        "tid": "9b35c47a-74d5-4dca-9acc-7bb8d1afa8d5"
    },
    {
        "amount": 62,
        "to": "Shanti Hanley",
        "from": "Francie Duggan",
        "tid": "95e82b3c-6874-40fa-9848-0813b9c04280"
    },
    {
        "amount": 329,
        "to": "Jule Booker",
        "from": "Valarie Hoy",
        "tid": "fd698745-1349-429e-866b-3362167a74fc"
    },
    {
        "amount": 279,
        "to": "Nannie Swisher",
        "from": "Teddy Cheng",
        "tid": "e81656de-be65-42c5-895d-605726be875a"
    },
    {
        "amount": 315,
        "to": "Janene Fong",
        "from": "Charlyn Keefer",
        "tid": "2d8ba572-3df2-4205-831d-dd126dfba4b9"
    },
    {
        "amount": 151,
        "to": "Ngan Bratcher",
        "from": "Robby Laughlin",
        "tid": "a230e59a-0576-4c20-a0ff-583905616d78"
    },
    {
        "amount": 175,
        "to": "Lissette Epperson",
        "from": "Santos Maples",
        "tid": "6a24a4bf-d570-4f49-91ab-4c53b4bc227e"
    }
]